symbol,direction,entry_time,exit_time,entry,sl,risk_per_unit,r_multiple,pnl_pct,outcome
BTC/USD,SHORT,2025-04-17 05:00:00+00:00,2025-04-17 15:00:00+00:00,84472.31,85634.16,1161.8541,-0.1784,-0.001784,loss
ETH/USD,SHORT,2025-04-17 11:00:00+00:00,2025-04-17 21:00:00+00:00,1597.56,1617.72,20.1554,0.3571,0.003571,win
ETH/USD,SHORT,2025-04-18 01:00:00+00:00,2025-04-18 11:00:00+00:00,1587.68,1617.55,29.8669,-0.2039,-0.002039,loss
BTC/USD,LONG,2025-04-24 18:00:00+00:00,2025-04-25 04:00:00+00:00,93011.93,91521.11,1490.8218,-0.0836,-0.000836,loss
ETH/USD,SHORT,2025-04-28 22:00:00+00:00,2025-04-29 08:00:00+00:00,1799.00,1832.41,33.4132,-1.1046,-0.011046,loss
ETH/USD,SHORT,2025-05-01 00:00:00+00:00,2025-05-01 09:00:00+00:00,1776.33,1820.85,44.5175,-1.0879,-0.010879,loss
BTC/USD,LONG,2025-05-03 20:00:00+00:00,2025-05-03 23:00:00+00:00,96292.63,95781.47,511.1628,-1.2661,-0.012661,loss
BTC/USD,LONG,2025-05-11 07:00:00+00:00,2025-05-11 22:00:00+00:00,103544.02,102875.30,668.7187,1.1083,0.011083,win
ETH/USD,LONG,2025-05-12 01:00:00+00:00,2025-05-12 11:00:00+00:00,2502.00,2426.00,76.0049,0.2967,0.002967,win
BTC/USD,LONG,2025-05-12 08:00:00+00:00,2025-05-12 14:00:00+00:00,104152.84,103412.68,740.1612,-1.2089,-0.012089,loss
ETH/USD,LONG,2025-05-15 04:00:00+00:00,2025-05-15 07:00:00+00:00,2598.58,2538.83,59.7491,-1.0922,-0.010922,loss
BTC/USD,LONG,2025-05-15 18:00:00+00:00,2025-05-17 00:00:00+00:00,103026.33,102424.39,601.9422,1.2116,0.012116,win
ETH/USD,LONG,2025-05-23 15:00:00+00:00,2025-05-24 01:00:00+00:00,2571.99,2442.63,129.3565,-0.4308,-0.004308,loss
ETH/USD,LONG,2025-05-24 06:00:00+00:00,2025-05-24 16:00:00+00:00,2538.12,2491.09,47.0309,0.3065,0.003065,win
BTC/USD,LONG,2025-05-24 09:00:00+00:00,2025-05-24 19:00:00+00:00,108300.00,106629.82,1670.1794,0.2774,0.002774,win
BTC/USD,LONG,2025-05-25 14:00:00+00:00,2025-05-25 15:00:00+00:00,107300.00,106668.71,631.2885,-1.2440,-0.012440,loss
BTC/USD,LONG,2025-05-27 14:00:00+00:00,2025-05-28 00:00:00+00:00,108863.63,107351.25,1512.3775,0.0996,0.000996,win
ETH/USD,LONG,2025-05-28 21:00:00+00:00,2025-05-29 04:00:00+00:00,2652.88,2602.11,50.7699,1.6053,0.016053,win
ETH/USD,LONG,2025-05-29 12:00:00+00:00,2025-05-29 22:00:00+00:00,2697.62,2604.69,92.9288,-0.6412,-0.006412,loss
ETH/USD,LONG,2025-06-04 13:00:00+00:00,2025-06-04 23:00:00+00:00,2610.01,2569.83,40.1829,-0.1759,-0.001759,loss
ETH/USD,LONG,2025-06-05 12:00:00+00:00,2025-06-05 14:00:00+00:00,2617.31,2569.95,47.3586,-1.1063,-0.011063,loss
ETH/USD,LONG,2025-06-11 21:00:00+00:00,2025-06-11 22:00:00+00:00,2783.83,2745.29,38.5350,-1.1267,-0.011267,loss
ETH/USD,LONG,2025-06-26 00:00:00+00:00,2025-06-26 10:00:00+00:00,2426.08,2384.22,41.8568,1.5090,0.015090,win
ETH/USD,LONG,2025-06-27 13:00:00+00:00,2025-06-27 23:00:00+00:00,2423.68,2377.06,46.6152,-0.1133,-0.001133,loss
ETH/USD,LONG,2025-06-28 01:00:00+00:00,2025-06-28 11:00:00+00:00,2411.54,2377.91,33.6327,0.3461,0.003461,win
ETH/USD,LONG,2025-06-29 16:00:00+00:00,2025-06-29 21:00:00+00:00,2432.62,2421.97,10.6524,-1.3140,-0.013140,loss
BTC/USD,LONG,2025-06-30 07:00:00+00:00,2025-06-30 14:00:00+00:00,107543.48,107166.26,377.2163,-1.3821,-0.013821,loss
BTC/USD,LONG,2025-07-07 07:00:00+00:00,2025-07-07 17:00:00+00:00,108665.47,107711.92,953.5534,-0.9343,-0.009343,loss
ETH/USD,LONG,2025-07-15 15:00:00+00:00,2025-07-16 01:00:00+00:00,3000.14,2922.94,77.2026,1.7221,0.017221,win
ETH/USD,LONG,2025-07-19 08:00:00+00:00,2025-07-19 18:00:00+00:00,3566.41,3467.26,99.1531,-0.2204,-0.002204,loss
BTC/USD,LONG,2025-07-22 08:00:00+00:00,2025-07-22 18:00:00+00:00,117780.00,116281.94,1498.0564,1.1698,0.011698,win
BTC/USD,LONG,2025-07-24 07:00:00+00:00,2025-07-24 07:00:00+00:00,118421.86,117137.86,1283.9999,-1.1507,-0.011507,loss
BTC/USD,LONG,2025-07-29 10:00:00+00:00,2025-07-29 15:00:00+00:00,118416.66,117311.53,1105.1311,-1.1686,-0.011686,loss
ETH/USD,LONG,2025-07-29 12:00:00+00:00,2025-07-29 16:00:00+00:00,3828.81,3722.27,106.5437,-1.0831,-0.010831,loss
ETH/USD,LONG,2025-08-11 10:00:00+00:00,2025-08-11 20:00:00+00:00,4228.14,4143.61,84.5300,0.0774,0.000774,win
BTC/USD,LONG,2025-08-12 19:00:00+00:00,2025-08-13 05:00:00+00:00,119525.00,117891.76,1633.2360,-0.4060,-0.004060,loss
ETH/USD,LONG,2025-08-12 11:00:00+00:00,2025-08-14 11:00:00+00:00,4258.68,4156.42,102.2558,2.6331,0.026331,win
ETH/USD,LONG,2025-08-15 12:00:00+00:00,2025-08-15 15:00:00+00:00,4595.94,4438.13,157.8081,-1.0749,-0.010749,loss
ETH/USD,LONG,2025-08-23 14:00:00+00:00,2025-08-24 00:00:00+00:00,4728.04,4646.95,81.0879,0.7559,0.007559,win
ETH/USD,LONG,2025-08-24 01:00:00+00:00,2025-08-24 11:00:00+00:00,4767.17,4650.12,117.0522,-0.2550,-0.002550,loss
BTC/USD,SHORT,2025-08-27 02:00:00+00:00,2025-08-27 12:00:00+00:00,111469.07,113094.14,1625.0715,-0.0456,-0.000456,loss
BTC/USD,SHORT,2025-08-31 15:00:00+00:00,2025-09-01 01:00:00+00:00,108816.33,109563.26,746.9293,0.6769,0.006769,win
ETH/USD,LONG,2025-09-04 23:00:00+00:00,2025-09-05 14:00:00+00:00,4302.82,4248.54,54.2776,1.7219,0.017219,win
ETH/USD,LONG,2025-09-05 22:00:00+00:00,2025-09-06 08:00:00+00:00,4306.20,4254.96,51.2401,-0.0507,-0.000507,loss
ETH/USD,LONG,2025-09-09 03:00:00+00:00,2025-09-09 13:00:00+00:00,4307.59,4264.22,43.3710,0.7592,0.007592,win
ETH/USD,LONG,2025-09-10 09:00:00+00:00,2025-09-10 16:00:00+00:00,4323.44,4271.34,52.0959,1.5223,0.015223,win
ETH/USD,LONG,2025-09-11 00:00:00+00:00,2025-09-11 10:00:00+00:00,4357.33,4269.57,87.7573,0.7037,0.007037,win
ETH/USD,LONG,2025-09-14 04:00:00+00:00,2025-09-14 14:00:00+00:00,4656.56,4597.76,58.8014,-1.1350,-0.011350,loss
ETH/USD,LONG,2025-09-19 23:00:00+00:00,2025-09-20 09:00:00+00:00,4468.30,4405.45,62.8463,-0.1633,-0.001633,loss
ETH/USD,LONG,2025-09-20 17:00:00+00:00,2025-09-21 03:00:00+00:00,4487.00,4430.83,56.1665,-0.2915,-0.002915,loss
ETH/USD,SHORT,2025-09-26 22:00:00+00:00,2025-09-27 08:00:00+00:00,4029.89,4217.69,187.8023,0.1686,0.001686,win
ETH/USD,SHORT,2025-09-27 10:00:00+00:00,2025-09-27 20:00:00+00:00,4007.93,4075.50,67.5668,-0.0908,-0.000908,loss
ETH/USD,LONG,2025-10-04 08:00:00+00:00,2025-10-04 18:00:00+00:00,4492.99,4420.40,72.5857,-0.6386,-0.006386,loss
ETH/USD,LONG,2025-10-05 00:00:00+00:00,2025-10-05 09:00:00+00:00,4474.61,4422.03,52.5829,1.5710,0.015710,win
ETH/USD,SHORT,2025-10-13 10:00:00+00:00,2025-10-13 20:00:00+00:00,4146.93,4406.63,259.6986,-0.5955,-0.005955,loss
ETH/USD,SHORT,2025-10-19 08:00:00+00:00,2025-10-19 08:00:00+00:00,3876.63,3935.99,59.3553,-1.1184,-0.011184,loss
BTC/USD,SHORT,2025-10-19 02:00:00+00:00,2025-10-19 09:00:00+00:00,106988.81,107683.72,694.9058,-1.2248,-0.012248,loss
BTC/USD,SHORT,2025-10-25 20:00:00+00:00,2025-10-26 06:00:00+00:00,111479.99,112194.43,714.4411,-0.4455,-0.004455,loss
ETH/USD,SHORT,2025-10-26 04:00:00+00:00,2025-10-26 09:00:00+00:00,3939.02,3974.02,35.0030,-1.1750,-0.011750,loss
ETH/USD,SHORT,2025-10-29 18:00:00+00:00,2025-10-29 19:00:00+00:00,4009.60,4048.16,38.5572,1.5950,0.015950,win
BTC/USD,SHORT,2025-11-01 01:00:00+00:00,2025-11-01 11:00:00+00:00,109417.91,111370.82,1952.9139,-0.4757,-0.004757,loss
ETH/USD,SHORT,2025-11-01 19:00:00+00:00,2025-11-02 05:00:00+00:00,3880.72,4042.06,161.3427,-0.2071,-0.002071,loss
ETH/USD,SHORT,2025-11-02 09:00:00+00:00,2025-11-02 19:00:00+00:00,3875.88,4041.68,165.7974,0.0520,0.000520,win
ETH/USD,SHORT,2025-11-06 10:00:00+00:00,2025-11-07 03:00:00+00:00,3410.78,3490.49,79.7109,1.4764,0.014764,win
ETH/USD,SHORT,2025-11-07 15:00:00+00:00,2025-11-07 17:00:00+00:00,3310.33,3382.14,71.8128,-1.0953,-0.010953,loss
BTC/USD,SHORT,2025-11-07 16:00:00+00:00,2025-11-07 18:00:00+00:00,101512.51,102750.17,1237.6577,-1.1384,-0.011384,loss
ETH/USD,SHORT,2025-11-13 11:00:00+00:00,2025-11-14 14:00:00+00:00,3516.59,3598.73,82.1421,2.3883,0.023883,win
BTC/USD,SHORT,2025-11-15 23:00:00+00:00,2025-11-16 09:00:00+00:00,95672.00,97000.54,1328.5359,-0.8473,-0.008473,loss
ETH/USD,SHORT,2025-11-16 02:00:00+00:00,2025-11-16 12:00:00+00:00,3200.68,3265.20,64.5218,0.3916,0.003916,win
ETH/USD,SHORT,2025-11-17 14:00:00+00:00,2025-11-18 10:00:00+00:00,3188.96,3260.29,71.3308,1.7906,0.017906,win
BTC/USD,SHORT,2025-11-19 02:00:00+00:00,2025-11-19 12:00:00+00:00,92644.49,94045.92,1401.4331,0.4975,0.004975,win
ETH/USD,SHORT,2025-11-19 07:00:00+00:00,2025-11-19 17:00:00+00:00,3076.83,3180.40,103.5741,1.4110,0.014110,win
BTC/USD,SHORT,2025-11-20 13:00:00+00:00,2025-11-21 07:00:00+00:00,92445.80,94026.93,1581.1341,2.6757,0.026757,win
ETH/USD,SHORT,2025-11-22 07:00:00+00:00,2025-11-22 17:00:00+00:00,2757.73,2817.83,60.0977,0.0334,0.000334,win
BTC/USD,SHORT,2025-11-22 11:00:00+00:00,2025-11-22 21:00:00+00:00,84343.91,85860.04,1516.1256,-0.1512,-0.001512,loss
BTC/USD,SHORT,2025-11-30 02:00:00+00:00,2025-11-30 08:00:00+00:00,90719.16,91252.11,532.9463,-1.2443,-0.012443,loss
BTC/USD,SHORT,2025-12-02 23:00:00+00:00,2025-12-03 01:00:00+00:00,91631.49,92204.97,573.4764,-1.2317,-0.012317,loss
ETH/USD,SHORT,2025-12-02 23:00:00+00:00,2025-12-03 05:00:00+00:00,2998.00,3061.10,63.0985,-1.0970,-0.010970,loss
BTC/USD,SHORT,2025-12-07 01:00:00+00:00,2025-12-07 11:00:00+00:00,89329.38,90387.02,1057.6396,0.0290,0.000290,win
ETH/USD,SHORT,2025-12-14 06:00:00+00:00,2025-12-14 12:00:00+00:00,3115.00,3139.59,24.5943,1.3822,0.013822,win
BTC/USD,SHORT,2025-12-17 06:00:00+00:00,2025-12-17 14:00:00+00:00,86756.74,88323.08,1566.3399,-1.1065,-0.011065,loss
ETH/USD,SHORT,2025-12-17 06:00:00+00:00,2025-12-17 14:00:00+00:00,2937.65,2989.09,51.4426,-1.1085,-0.011085,loss
BTC/USD,SHORT,2025-12-19 19:00:00+00:00,2025-12-20 05:00:00+00:00,87466.09,89686.49,2220.4002,-0.4607,-0.004607,loss
ETH/USD,SHORT,2025-12-20 17:00:00+00:00,2025-12-21 03:00:00+00:00,2981.34,3024.17,42.8339,0.0756,0.000756,win
BTC/USD,SHORT,2025-12-21 07:00:00+00:00,2025-12-21 08:00:00+00:00,88149.99,88502.96,352.9715,-1.3397,-0.013397,loss
BTC/USD,SHORT,2025-12-25 13:00:00+00:00,2025-12-25 15:00:00+00:00,87603.78,88122.18,518.4004,-1.2428,-0.012428,loss
ETH/USD,SHORT,2025-12-25 13:00:00+00:00,2025-12-25 15:00:00+00:00,2931.33,2966.48,35.1488,-1.1401,-0.011401,loss
BTC/USD,SHORT,2025-12-31 03:00:00+00:00,2025-12-31 13:00:00+00:00,88493.62,89506.15,1012.5317,-0.6370,-0.006370,loss
BTC/USD,SHORT,2026-01-09 11:00:00+00:00,2026-01-09 15:00:00+00:00,90481.20,91750.63,1269.4314,-1.1255,-0.011255,loss
ETH/USD,SHORT,2026-01-09 15:00:00+00:00,2026-01-10 01:00:00+00:00,3115.37,3155.39,40.0162,0.4978,0.004978,win
BTC/USD,LONG,2026-01-15 13:00:00+00:00,2026-01-15 14:00:00+00:00,96750.00,95643.44,1106.5579,-1.1449,-0.011449,loss
ETH/USD,SHORT,2026-01-18 04:00:00+00:00,2026-01-18 14:00:00+00:00,3312.84,3333.07,20.2255,-1.2366,-0.012366,loss
BTC/USD,SHORT,2026-01-22 18:00:00+00:00,2026-01-23 04:00:00+00:00,89742.67,90715.95,973.2787,-0.3795,-0.003795,loss
BTC/USD,SHORT,2026-01-23 14:00:00+00:00,2026-01-23 16:00:00+00:00,89388.71,90203.56,814.8529,-1.1716,-0.011716,loss
ETH/USD,SHORT,2026-01-23 15:00:00+00:00,2026-01-23 17:00:00+00:00,2951.42,2991.68,40.2645,-1.1280,-0.011280,loss
ETH/USD,SHORT,2026-01-27 11:00:00+00:00,2026-01-27 16:00:00+00:00,2915.70,2973.79,58.0873,-1.1002,-0.011002,loss
ETH/USD,SHORT,2026-02-03 07:00:00+00:00,2026-02-03 17:00:00+00:00,2328.49,2406.13,77.6361,1.6420,0.016420,win
ETH/USD,SHORT,2026-02-04 06:00:00+00:00,2026-02-04 16:00:00+00:00,2248.62,2355.29,106.6692,0.9994,0.009994,win
BTC/USD,SHORT,2026-02-07 12:00:00+00:00,2026-02-07 22:00:00+00:00,69084.55,72054.20,2969.6549,-0.1739,-0.001739,loss
ETH/USD,SHORT,2026-02-07 12:00:00+00:00,2026-02-07 22:00:00+00:00,2055.70,2353.40,297.6956,-0.1587,-0.001587,loss
BTC/USD,SHORT,2026-02-09 16:00:00+00:00,2026-02-10 02:00:00+00:00,70116.00,72481.58,2365.5794,-0.0700,-0.000700,loss
ETH/USD,SHORT,2026-02-13 02:00:00+00:00,2026-02-13 12:00:00+00:00,1950.16,2007.02,56.8592,-0.2709,-0.002709,loss
BTC/USD,SHORT,2026-02-17 01:00:00+00:00,2026-02-17 11:00:00+00:00,68718.30,70260.38,1542.0772,0.4666,0.004666,win
BTC/USD,SHORT,2026-02-19 17:00:00+00:00,2026-02-20 00:00:00+00:00,66680.70,67454.45,773.7457,-1.1434,-0.011434,loss
ETH/USD,SHORT,2026-02-20 14:00:00+00:00,2026-02-21 00:00:00+00:00,1951.65,1991.83,40.1750,-0.3863,-0.003863,loss
ETH/USD,SHORT,2026-02-21 05:00:00+00:00,2026-02-21 11:00:00+00:00,1963.29,1984.53,21.2420,-1.1509,-0.011509,loss
ETH/USD,SHORT,2026-02-25 09:00:00+00:00,2026-02-25 12:00:00+00:00,1914.35,1940.55,26.1958,-1.1277,-0.011277,loss
BTC/USD,SHORT,2026-02-25 09:00:00+00:00,2026-02-25 17:00:00+00:00,65650.00,68387.88,2737.8809,-1.0688,-0.010688,loss
BTC/USD,SHORT,2026-03-01 18:00:00+00:00,2026-03-02 04:00:00+00:00,66219.77,68372.21,2152.4394,-0.3753,-0.003753,loss
ETH/USD,SHORT,2026-03-01 18:00:00+00:00,2026-03-02 04:00:00+00:00,1975.92,2062.00,86.0756,-0.0329,-0.000329,loss
BTC/USD,SHORT,2026-03-20 21:00:00+00:00,2026-03-21 07:00:00+00:00,70670.43,71508.57,838.1392,-0.2091,-0.002091,loss
BTC/USD,SHORT,2026-03-21 18:00:00+00:00,2026-03-22 02:00:00+00:00,70426.18,71445.52,1019.3362,1.5795,0.015795,win
BTC/USD,SHORT,2026-03-29 01:00:00+00:00,2026-03-29 11:00:00+00:00,66500.00,67364.29,864.2908,-0.4983,-0.004983,loss
ETH/USD,SHORT,2026-03-29 03:00:00+00:00,2026-03-29 13:00:00+00:00,2013.14,2050.51,37.3674,0.5925,0.005925,win
BTC/USD,SHORT,2026-04-05 08:00:00+00:00,2026-04-05 15:00:00+00:00,66940.00,67609.26,669.2559,-1.1600,-0.011600,loss
ETH/USD,SHORT,2026-04-13 06:00:00+00:00,2026-04-13 14:00:00+00:00,2199.36,2221.62,22.2570,-1.1586,-0.011586,loss
BTC/USD,LONG,2026-04-19 15:00:00+00:00,2026-04-20 01:00:00+00:00,75432.07,73212.32,2219.7532,-0.4578,-0.004578,loss
BTC/USD,LONG,2026-04-20 05:00:00+00:00,2026-04-20 15:00:00+00:00,74214.67,73206.18,1008.4856,1.3612,0.013612,win
BTC/USD,LONG,2026-04-21 00:00:00+00:00,2026-04-21 10:00:00+00:00,75898.14,73602.47,2295.6711,0.2898,0.002898,win
ETH/USD,LONG,2026-04-23 13:00:00+00:00,2026-04-23 23:00:00+00:00,2320.81,2279.81,40.9984,0.1226,0.001226,win
BTC/USD,LONG,2026-04-25 11:00:00+00:00,2026-04-25 16:00:00+00:00,77714.55,77201.97,512.5754,-1.2219,-0.012219,loss
ETH/USD,LONG,2026-05-03 09:00:00+00:00,2026-05-03 19:00:00+00:00,2307.65,2276.84,30.8138,0.7769,0.007769,win
ETH/USD,LONG,2026-05-06 13:00:00+00:00,2026-05-06 14:00:00+00:00,2368.57,2349.96,18.6105,-1.1927,-0.011927,loss
BTC/USD,LONG,2026-05-07 08:00:00+00:00,2026-05-07 10:00:00+00:00,81390.30,80632.54,757.7571,-1.1689,-0.011689,loss
BTC/USD,LONG,2026-05-11 11:00:00+00:00,2026-05-11 21:00:00+00:00,80940.00,80188.17,751.8306,1.0029,0.010029,win
ETH/USD,SHORT,2026-05-18 23:00:00+00:00,2026-05-19 09:00:00+00:00,2130.90,2162.02,31.1213,0.4051,0.004051,win
ETH/USD,SHORT,2026-05-19 13:00:00+00:00,2026-05-19 23:00:00+00:00,2121.96,2150.88,28.9247,0.2187,0.002187,win
ETH/USD,SHORT,2026-05-21 08:00:00+00:00,2026-05-21 15:00:00+00:00,2138.61,2150.01,11.3968,1.0719,0.010719,win
ETH/USD,SHORT,2026-05-22 07:00:00+00:00,2026-05-22 17:00:00+00:00,2130.86,2156.49,25.6302,0.2996,0.002996,win
ETH/USD,SHORT,2026-05-24 16:00:00+00:00,2026-05-25 02:00:00+00:00,2100.00,2153.22,53.2246,-0.0563,-0.000563,loss
ETH/USD,SHORT,2026-05-25 22:00:00+00:00,2026-05-26 08:00:00+00:00,2113.04,2152.81,39.7729,0.2933,0.002933,win
BTC/USD,LONG,2026-05-26 13:00:00+00:00,2026-05-26 15:00:00+00:00,77174.94,76383.30,791.6421,-1.1570,-0.011570,loss
ETH/USD,SHORT,2026-05-29 07:00:00+00:00,2026-05-29 15:00:00+00:00,2011.96,2033.30,21.3395,-1.1531,-0.011531,loss
BTC/USD,LONG,2026-05-30 17:00:00+00:00,2026-05-31 03:00:00+00:00,73820.91,73155.66,665.2477,0.3225,0.003225,win
ETH/USD,SHORT,2026-06-02 07:00:00+00:00,2026-06-02 15:00:00+00:00,1988.88,2013.05,24.1730,1.8530,0.018530,win
BTC/USD,SHORT,2026-06-07 14:00:00+00:00,2026-06-08 00:00:00+00:00,61907.64,64628.81,2721.1708,-0.7008,-0.007008,loss
BTC/USD,SHORT,2026-06-22 00:00:00+00:00,2026-06-22 01:00:00+00:00,63969.59,64668.37,698.7793,-1.1499,-0.011499,loss
ETH/USD,SHORT,2026-06-25 12:00:00+00:00,2026-06-25 14:00:00+00:00,1649.83,1697.68,47.8530,1.6764,0.016764,win
BTC/USD,SHORT,2026-06-25 12:00:00+00:00,2026-06-25 22:00:00+00:00,61422.52,63352.03,1929.5138,0.7361,0.007361,win
BTC/USD,SHORT,2026-06-26 17:00:00+00:00,2026-06-27 03:00:00+00:00,59858.93,60940.86,1081.9263,-0.5194,-0.005194,loss
ETH/USD,SHORT,2026-06-27 19:00:00+00:00,2026-06-28 05:00:00+00:00,1594.70,1663.45,68.7506,0.3035,0.003035,win
ETH/USD,SHORT,2026-07-09 17:00:00+00:00,2026-07-10 01:00:00+00:00,1748.49,1765.52,17.0277,-1.1632,-0.011632,loss
ETH/USD,LONG,2026-07-17 11:00:00+00:00,2026-07-17 21:00:00+00:00,1834.30,1747.00,87.2964,0.0177,0.000177,win
