id,user_id,broker_id,broker,pair,direction,entry_price,exit_price,sl,tp,lot_size,entry_time,exit_time,r_multiple,outcome,session,status,pnl_dollars,pnl_pips,notes,setup_tag,created_at,updated_at,run_id
7e9b8cdf-ffd6-49cf-85e0-558697108283,system,paper,paper,ETH/USD,SHORT,2470.730000,2499.400852,2561.629406,,0.000000,2024-08-06T11:00:00+00:00,2024-08-06T21:00:00+00:00,-0.32,LOSS,,CLOSED,-315.41,,,Backtest replay,2026-06-26T23:26:15.833969+00:00,2026-08-04T00:43:12.415465+00:00,00000000-0000-0000-0000-000000000001
b3db3e30-7238-4d1d-a019-8675989c9a39,system,paper,paper,ETH/USD,SHORT,2605.710000,2605.740027,2635.789376,,0.000000,2024-08-16T22:00:00+00:00,2024-08-17T08:00:00+00:00,0.00,LOSS,,CLOSED,-0.99,,,Backtest replay,2026-06-26T23:26:15.833969+00:00,2026-08-04T00:43:12.415465+00:00,00000000-0000-0000-0000-000000000001
1f40bdcf-58f3-4eca-8bbb-de2b295303c1,system,paper,paper,ETH/USD,SHORT,2666.360000,2616.519257,2694.057921,,0.000000,2024-08-20T09:00:00+00:00,2024-08-20T20:00:00+00:00,1.80,WIN,,CLOSED,1788.05,,,Backtest replay,2026-06-26T23:26:15.833969+00:00,2026-08-04T00:43:12.415465+00:00,00000000-0000-0000-0000-000000000001
459977a6-aa2b-4474-8713-dc06f20b4f3b,system,paper,paper,ETH/USD,SHORT,2617.960000,2626.874065,2700.522824,,0.000000,2024-08-22T03:00:00+00:00,2024-08-22T13:00:00+00:00,-0.11,LOSS,,CLOSED,-111.14,,,Backtest replay,2026-06-26T23:26:15.833969+00:00,2026-08-04T00:43:12.415465+00:00,00000000-0000-0000-0000-000000000001
c3b8bbe2-c23b-476b-9f7f-6ed5ec5e9412,system,paper,paper,ETH/USD,SHORT,2487.290000,2473.684063,2534.522876,,0.000000,2024-09-01T22:00:00+00:00,2024-09-02T08:00:00+00:00,0.29,WIN,,CLOSED,295.90,,,Backtest replay,2026-06-26T23:26:15.833969+00:00,2026-08-04T00:43:12.415465+00:00,00000000-0000-0000-0000-000000000001
b82bbe5a-b74f-41d1-90d1-7310b325db2f,system,paper,paper,ETH/USD,SHORT,2446.060000,2407.240919,2495.701177,,0.000000,2024-09-05T03:00:00+00:00,2024-09-05T13:00:00+00:00,0.78,WIN,,CLOSED,807.90,,,Backtest replay,2026-06-26T23:26:15.833969+00:00,2026-08-04T00:43:12.415465+00:00,00000000-0000-0000-0000-000000000001
c89b8f42-508a-4aab-8910-24ede2c636d0,system,paper,paper,ETH/USD,SHORT,2285.800000,2319.308621,2315.382367,,0.000000,2024-09-08T13:00:00+00:00,2024-09-08T22:00:00+00:00,-1.13,LOSS,,CLOSED,-1188.55,,,Backtest replay,2026-06-26T23:26:15.833969+00:00,2026-08-04T00:43:12.415465+00:00,00000000-0000-0000-0000-000000000001
12c665d4-75d5-44d1-8fdb-ca8f638d0e3d,system,paper,paper,ETH/USD,SHORT,2355.760000,2356.624113,2404.440020,,0.000000,2024-09-12T10:00:00+00:00,2024-09-12T20:00:00+00:00,-0.02,LOSS,,CLOSED,-18.20,,,Backtest replay,2026-06-26T23:26:15.833969+00:00,2026-08-04T00:43:12.415465+00:00,00000000-0000-0000-0000-000000000001
63144cf8-70d2-4427-bc07-8020431cc33d,system,paper,paper,ETH/USD,SHORT,2352.180000,2380.954862,2377.134083,,0.000000,2024-09-13T09:00:00+00:00,2024-09-13T15:00:00+00:00,-1.15,LOSS,,CLOSED,-1182.11,,,Backtest replay,2026-06-26T23:26:15.833969+00:00,2026-08-04T00:43:12.415465+00:00,00000000-0000-0000-0000-000000000001
7babdb28-84f1-4741-af76-4d0f8874680c,system,paper,paper,ETH/USD,SHORT,2357.960000,2327.097051,2436.147466,,0.000000,2024-09-17T19:00:00+00:00,2024-09-18T05:00:00+00:00,0.39,WIN,,CLOSED,395.33,,,Backtest replay,2026-06-26T23:26:15.833969+00:00,2026-08-04T00:43:12.415465+00:00,00000000-0000-0000-0000-000000000001
fc9611a8-5353-4b00-bc18-0090c3331a60,system,paper,paper,ETH/USD,SHORT,2323.680000,2301.778311,2398.427382,,0.000000,2024-09-18T05:00:00+00:00,2024-09-18T15:00:00+00:00,0.29,WIN,,CLOSED,295.77,,,Backtest replay,2026-06-26T23:26:15.833969+00:00,2026-08-04T00:43:12.415465+00:00,00000000-0000-0000-0000-000000000001
fa3a2299-66e7-44a8-b677-75930c415eb3,system,paper,paper,ETH/USD,SHORT,2631.460000,2605.618502,2672.728742,,0.000000,2024-09-25T05:00:00+00:00,2024-09-25T15:00:00+00:00,0.63,WIN,,CLOSED,635.78,,,Backtest replay,2026-06-26T23:26:15.833969+00:00,2026-08-04T00:43:12.415465+00:00,00000000-0000-0000-0000-000000000001
c730bc5b-8fe8-4c43-88de-a94fd8c25dbe,system,paper,paper,BTC/USD,LONG,65618.570000,65490.982170,65363.931355,,0.000000,2024-09-28T23:00:00+00:00,2024-09-29T09:00:00+00:00,-0.50,LOSS,,CLOSED,-515.11,,,Backtest replay,2026-06-26T23:26:15.833969+00:00,2026-08-04T00:43:12.415465+00:00,00000000-0000-0000-0000-000000000001
8719908d-f4b7-4190-a0a2-aa85324b87af,system,paper,paper,BTC/USD,LONG,65616.800000,65586.073360,65376.637990,,0.000000,2024-09-29T12:00:00+00:00,2024-09-29T22:00:00+00:00,-0.13,LOSS,,CLOSED,-130.21,,,Backtest replay,2026-06-26T23:26:15.833969+00:00,2026-08-04T00:43:12.415465+00:00,00000000-0000-0000-0000-000000000001
f252793b-129a-4c87-82fa-e18a158911b0,system,paper,paper,ETH/USD,SHORT,2421.500000,2430.561513,2427.418955,,0.000000,2024-10-04T23:00:00+00:00,2024-10-05T01:00:00+00:00,-1.53,LOSS,,CLOSED,-1554.11,,,Backtest replay,2026-06-26T23:26:15.833969+00:00,2026-08-04T00:43:12.415465+00:00,00000000-0000-0000-0000-000000000001
2bfa79c6-bdce-49ee-9278-506e9ee3f1d6,system,paper,paper,ETH/USD,SHORT,2403.620000,2414.492477,2446.073336,,0.000000,2024-10-05T03:00:00+00:00,2024-10-05T13:00:00+00:00,-0.26,LOSS,,CLOSED,-252.02,,,Backtest replay,2026-06-26T23:26:15.833969+00:00,2026-08-04T00:43:12.415465+00:00,00000000-0000-0000-0000-000000000001
7e83e34e-009c-434f-9a3c-06a1d16dc7a4,system,paper,paper,BTC/USD,LONG,61980.330000,61978.286914,61637.412742,,0.000000,2024-10-05T23:00:00+00:00,2024-10-06T09:00:00+00:00,-0.01,LOSS,,CLOSED,-5.83,,,Backtest replay,2026-06-26T23:26:15.833969+00:00,2026-08-04T00:43:12.415465+00:00,00000000-0000-0000-0000-000000000001
1a59aa6c-1674-4ab0-8233-7fb5837d3b1b,system,paper,paper,BTC/USD,LONG,62657.440000,63257.176522,61616.826252,,0.000000,2024-10-07T11:00:00+00:00,2024-10-07T21:00:00+00:00,0.58,WIN,,CLOSED,564.17,,,Backtest replay,2026-06-26T23:26:15.833969+00:00,2026-08-04T00:43:12.415465+00:00,00000000-0000-0000-0000-000000000001
617e80ed-40d9-4989-83d1-d83b99104caf,system,paper,paper,BTC/USD,LONG,67288.010000,67765.348673,66567.367126,,0.000000,2024-10-18T00:00:00+00:00,2024-10-18T10:00:00+00:00,0.66,WIN,,CLOSED,655.88,,,Backtest replay,2026-06-26T23:26:15.833969+00:00,2026-08-04T00:43:12.415465+00:00,00000000-0000-0000-0000-000000000001
3e22ac7d-2845-41f9-ba0c-47d690b4475a,system,paper,paper,ETH/USD,SHORT,2622.200000,2646.186917,2653.456934,,0.000000,2024-10-18T04:00:00+00:00,2024-10-18T14:00:00+00:00,-0.77,LOSS,,CLOSED,-769.95,,,Backtest replay,2026-06-26T23:26:15.833969+00:00,2026-08-04T00:43:12.415465+00:00,00000000-0000-0000-0000-000000000001
21a6cc9c-b920-4a7a-ac0f-c3b7fe51ac9b,system,paper,paper,BTC/USD,LONG,68154.310000,68362.612169,67967.993525,,0.000000,2024-10-20T03:00:00+00:00,2024-10-20T13:00:00+00:00,1.12,WIN,,CLOSED,1104.48,,,Backtest replay,2026-06-26T23:26:15.833969+00:00,2026-08-04T00:43:12.415465+00:00,00000000-0000-0000-0000-000000000001
3cd8f2ca-bd5e-42cd-932b-c9d7c819b663,system,paper,paper,ETH/USD,LONG,2646.450000,2627.321474,2631.110782,,0.000000,2024-10-22T06:00:00+00:00,2024-10-22T08:00:00+00:00,-1.25,LOSS,,CLOSED,-1259.50,,,Backtest replay,2026-06-26T23:26:15.833969+00:00,2026-08-04T00:43:12.415465+00:00,00000000-0000-0000-0000-000000000001
dda6ea3f-c753-451e-bbe2-a259f4a22fa1,system,paper,paper,BTC/USD,LONG,67047.540000,66823.167710,65138.408953,,0.000000,2024-10-26T06:00:00+00:00,2024-10-26T16:00:00+00:00,-0.12,LOSS,,CLOSED,-115.74,,,Backtest replay,2026-06-26T23:26:15.833969+00:00,2026-08-04T00:43:12.415465+00:00,00000000-0000-0000-0000-000000000001
2b52087d-96b7-4b60-a4b6-1fdbf44dc4dd,system,paper,paper,BTC/USD,LONG,72112.700000,72520.763017,71313.406432,,0.000000,2024-10-31T00:00:00+00:00,2024-10-31T10:00:00+00:00,0.51,WIN,,CLOSED,501.59,,,Backtest replay,2026-06-26T23:26:15.833969+00:00,2026-08-04T00:43:12.415465+00:00,00000000-0000-0000-0000-000000000001
9741202d-f06b-4b98-9e8c-fe6cec80ccb5,system,paper,paper,BTC/USD,LONG,87100.000000,90970.426330,84778.022570,,0.000000,2024-11-13T08:00:00+00:00,2024-11-13T19:00:00+00:00,1.67,WIN,,CLOSED,1654.40,,,Backtest replay,2026-06-26T23:26:15.833969+00:00,2026-08-04T00:43:12.415465+00:00,00000000-0000-0000-0000-000000000001
dfb55725-8aec-4c55-9181-5a021389a12f,system,paper,paper,ETH/USD,LONG,3194.520000,3170.599361,3055.089627,,0.000000,2024-11-13T14:00:00+00:00,2024-11-14T00:00:00+00:00,-0.17,LOSS,,CLOSED,-175.95,,,Backtest replay,2026-06-26T23:26:15.833969+00:00,2026-08-04T00:43:12.415465+00:00,00000000-0000-0000-0000-000000000001
f8ba2f07-04ba-4bc5-a471-94c3df6dfa7f,system,paper,paper,BTC/USD,LONG,88943.530000,91240.272401,86419.145927,,0.000000,2024-11-15T10:00:00+00:00,2024-11-15T20:00:00+00:00,0.91,WIN,,CLOSED,929.92,,,Backtest replay,2026-06-26T23:26:15.833969+00:00,2026-08-04T00:43:12.415465+00:00,00000000-0000-0000-0000-000000000001
f22ec3b6-e998-4a14-9b3f-a03ac09f604c,system,paper,paper,ETH/USD,LONG,3093.760000,3078.961332,3005.356092,,0.000000,2024-11-17T05:00:00+00:00,2024-11-17T15:00:00+00:00,-0.17,LOSS,,CLOSED,-174.21,,,Backtest replay,2026-06-26T23:26:15.833969+00:00,2026-08-04T00:43:12.415465+00:00,00000000-0000-0000-0000-000000000001
c9e145d4-8a35-425e-b3a4-1e19a2f648ad,system,paper,paper,BTC/USD,LONG,90374.450000,89067.932073,89222.460974,,0.000000,2024-11-17T13:00:00+00:00,2024-11-17T21:00:00+00:00,-1.13,LOSS,,CLOSED,-1176.33,,,Backtest replay,2026-06-26T23:26:15.833969+00:00,2026-08-04T00:43:12.415465+00:00,00000000-0000-0000-0000-000000000001
f69a4965-ff58-4803-9e54-4506b5c6c436,system,paper,paper,ETH/USD,LONG,3093.000000,3049.890229,3026.045735,,0.000000,2024-11-18T01:00:00+00:00,2024-11-18T11:00:00+00:00,-0.64,LOSS,,CLOSED,-652.67,,,Backtest replay,2026-06-26T23:26:15.833969+00:00,2026-08-04T00:43:12.415465+00:00,00000000-0000-0000-0000-000000000001
370fc3f3-6e8b-411c-8ea2-39fb025e37e9,system,paper,paper,ETH/USD,LONG,3126.510000,3085.250070,3034.807039,,0.000000,2024-11-19T12:00:00+00:00,2024-11-19T22:00:00+00:00,-0.45,LOSS,,CLOSED,-450.21,,,Backtest replay,2026-06-26T23:26:15.833969+00:00,2026-08-04T00:43:12.415465+00:00,00000000-0000-0000-0000-000000000001
ab05fe04-9a9e-404f-a78f-645ffbf66969,system,paper,paper,BTC/USD,LONG,92352.590000,93874.905389,90795.802435,,0.000000,2024-11-20T06:00:00+00:00,2024-11-20T16:00:00+00:00,0.98,WIN,,CLOSED,969.66,,,Backtest replay,2026-06-26T23:26:15.833969+00:00,2026-08-04T00:43:12.415465+00:00,00000000-0000-0000-0000-000000000001
51d88f89-5935-4bae-aa4b-b5633d0398ba,system,paper,paper,ETH/USD,LONG,3331.680000,3392.124005,3249.480522,,0.000000,2024-11-24T21:00:00+00:00,2024-11-25T07:00:00+00:00,0.74,WIN,,CLOSED,743.43,,,Backtest replay,2026-06-26T23:26:15.833969+00:00,2026-08-04T00:43:12.415465+00:00,00000000-0000-0000-0000-000000000001
03a0a5d5-8a61-4eb9-bed3-cb137dc1e047,system,paper,paper,ETH/USD,LONG,3361.210000,3440.087874,3267.993151,,0.000000,2024-11-25T15:00:00+00:00,2024-11-26T01:00:00+00:00,0.85,WIN,,CLOSED,868.08,,,Backtest replay,2026-06-26T23:26:15.833969+00:00,2026-08-04T00:43:12.415465+00:00,00000000-0000-0000-0000-000000000001
981933c8-61d5-4049-868a-e54c5650c358,system,paper,paper,ETH/USD,LONG,3350.000000,3497.804474,3270.861848,,0.000000,2024-11-27T03:00:00+00:00,2024-11-27T13:00:00+00:00,1.87,WIN,,CLOSED,1948.44,,,Backtest replay,2026-06-26T23:26:15.833969+00:00,2026-08-04T00:43:12.415465+00:00,00000000-0000-0000-0000-000000000001
bb41276d-45a8-426c-a4db-ed3ef0080a15,system,paper,paper,ETH/USD,LONG,3578.980000,3604.018253,3521.555714,,0.000000,2024-11-29T03:00:00+00:00,2024-11-29T13:00:00+00:00,0.44,WIN,,CLOSED,471.87,,,Backtest replay,2026-06-26T23:26:15.833969+00:00,2026-08-04T00:43:12.415465+00:00,00000000-0000-0000-0000-000000000001
10d6aa71-b3fe-4424-9d90-3423599ea661,system,paper,paper,BTC/USD,LONG,96777.770000,95851.521347,95998.812953,,0.000000,2024-11-30T21:00:00+00:00,2024-12-01T02:00:00+00:00,-1.19,LOSS,,CLOSED,-1298.07,,,Backtest replay,2026-06-26T23:26:15.833969+00:00,2026-08-04T00:43:12.415465+00:00,00000000-0000-0000-0000-000000000001
ae0d6b84-b3f1-436e-a262-51e625ed5118,system,paper,paper,ETH/USD,LONG,3990.000000,3983.339811,3961.195279,,0.000000,2024-12-07T17:00:00+00:00,2024-12-08T03:00:00+00:00,-0.23,LOSS,,CLOSED,-246.41,,,Backtest replay,2026-06-26T23:26:15.833969+00:00,2026-08-04T00:43:12.415465+00:00,00000000-0000-0000-0000-000000000001
cadf2c9d-5ab3-4425-8f4f-527bc48ee77e,system,paper,paper,BTC/USD,LONG,99920.310000,99365.401381,98696.453824,,0.000000,2024-12-07T19:00:00+00:00,2024-12-08T05:00:00+00:00,-0.45,LOSS,,CLOSED,-480.96,,,Backtest replay,2026-06-26T23:26:15.833969+00:00,2026-08-04T00:43:12.415465+00:00,00000000-0000-0000-0000-000000000001
6fa623d8-9d6b-4e1a-b2e9-6750ad7da8aa,system,paper,paper,BTC/USD,LONG,99452.000000,100070.838732,98706.278294,,0.000000,2024-12-08T12:00:00+00:00,2024-12-08T22:00:00+00:00,0.83,WIN,,CLOSED,872.29,,,Backtest replay,2026-06-26T23:26:15.833969+00:00,2026-08-04T00:43:12.415465+00:00,00000000-0000-0000-0000-000000000001
93c09c2a-0b7e-4426-b2be-60c9836a1853,system,paper,paper,BTC/USD,LONG,99850.350000,101234.239007,99032.446159,,0.000000,2024-12-13T15:00:00+00:00,2024-12-14T10:00:00+00:00,1.69,WIN,,CLOSED,1808.04,,,Backtest replay,2026-06-26T23:26:15.833969+00:00,2026-08-04T00:43:12.415465+00:00,00000000-0000-0000-0000-000000000001
c53e75fd-1c83-4945-8386-4c90fb4c1aa3,system,paper,paper,ETH/USD,LONG,3917.950000,3978.714186,3822.593147,,0.000000,2024-12-16T15:00:00+00:00,2024-12-17T01:00:00+00:00,0.64,WIN,,CLOSED,703.98,,,Backtest replay,2026-06-26T23:26:15.833969+00:00,2026-08-04T00:43:12.415465+00:00,00000000-0000-0000-0000-000000000001
f1efa201-e8f0-4ad4-a575-eaeab71928e4,system,paper,paper,BTC/USD,LONG,104500.000000,102950.896230,103131.054068,,0.000000,2024-12-18T11:00:00+00:00,2024-12-18T19:00:00+00:00,-1.13,LOSS,,CLOSED,-1266.07,,,Backtest replay,2026-06-26T23:26:15.833969+00:00,2026-08-04T00:43:12.415465+00:00,00000000-0000-0000-0000-000000000001
aff9f41e-ebdd-454a-afbe-8add6455a15e,system,paper,paper,ETH/USD,LONG,3461.260000,3551.599898,3416.523318,,0.000000,2025-01-03T12:00:00+00:00,2025-01-04T10:00:00+00:00,2.02,WIN,,CLOSED,2208.19,,,Backtest replay,2026-06-26T23:26:15.833969+00:00,2026-08-04T00:43:12.415465+00:00,00000000-0000-0000-0000-000000000001
1efb2506-6c95-461a-aefd-7e0d36d5e246,system,paper,paper,BTC/USD,LONG,98166.250000,97622.839006,97431.962644,,0.000000,2025-01-05T02:00:00+00:00,2025-01-05T12:00:00+00:00,-0.74,LOSS,,CLOSED,-841.93,,,Backtest replay,2026-06-26T23:26:15.833969+00:00,2026-08-04T00:43:12.415465+00:00,00000000-0000-0000-0000-000000000001
83312d51-47f0-4773-9118-64ad7169f7f0,system,paper,paper,BTC/USD,LONG,98024.000000,99241.445930,97169.467384,,0.000000,2025-01-06T01:00:00+00:00,2025-01-06T10:00:00+00:00,1.42,WIN,,CLOSED,1596.84,,,Backtest replay,2026-06-26T23:26:15.833969+00:00,2026-08-04T00:43:12.415465+00:00,00000000-0000-0000-0000-000000000001
48f18e09-2424-4992-a47c-e004619bf41d,system,paper,paper,BTC/USD,LONG,94455.040000,94308.794186,93706.795861,,0.000000,2025-01-11T14:00:00+00:00,2025-01-12T00:00:00+00:00,-0.20,LOSS,,CLOSED,-225.31,,,Backtest replay,2026-06-26T23:26:15.833969+00:00,2026-08-04T00:43:12.415465+00:00,00000000-0000-0000-0000-000000000001
361133da-3087-4d64-9016-a72b6792b6f0,system,paper,paper,BTC/USD,LONG,94575.750000,93580.867612,93728.258184,,0.000000,2025-01-12T00:00:00+00:00,2025-01-12T09:00:00+00:00,-1.17,LOSS,,CLOSED,-1347.96,,,Backtest replay,2026-06-26T23:26:15.833969+00:00,2026-08-04T00:43:12.415465+00:00,00000000-0000-0000-0000-000000000001
a6cb32ea-00a5-408f-85fc-c8ec7fe2965f,system,paper,paper,ETH/USD,LONG,3355.000000,3399.644205,3256.005116,,0.000000,2025-01-17T02:00:00+00:00,2025-01-17T12:00:00+00:00,0.45,WIN,,CLOSED,505.68,,,Backtest replay,2026-06-26T23:26:15.833969+00:00,2026-08-04T00:43:12.415465+00:00,00000000-0000-0000-0000-000000000001
7341e180-b39f-4493-9255-d2f7a2df3046,system,paper,paper,ETH/USD,LONG,3193.100000,3322.221821,3113.036186,,0.000000,2025-01-19T22:00:00+00:00,2025-01-20T12:00:00+00:00,1.61,WIN,,CLOSED,1925.75,,,Backtest replay,2026-06-26T23:26:15.833969+00:00,2026-08-04T00:43:12.415465+00:00,00000000-0000-0000-0000-000000000001
be7a0d88-d718-477a-8010-242c7df293ea,system,paper,paper,BTC/USD,LONG,101411.200000,103480.934122,100663.916374,,0.000000,2025-01-20T03:00:00+00:00,2025-01-20T12:00:00+00:00,2.77,WIN,,CLOSED,3133.65,,,Backtest replay,2026-06-26T23:26:15.833969+00:00,2026-08-04T00:43:12.415465+00:00,00000000-0000-0000-0000-000000000001
9d22d632-2751-408d-aa61-770749a75ae6,system,paper,paper,BTC/USD,LONG,102582.000000,105878.284890,99178.832248,,0.000000,2025-01-21T10:00:00+00:00,2025-01-21T20:00:00+00:00,0.97,WIN,,CLOSED,1193.89,,,Backtest replay,2026-06-26T23:26:15.833969+00:00,2026-08-04T00:43:12.415465+00:00,00000000-0000-0000-0000-000000000001
04c68906-4bea-4994-a779-4ca749d9cda6,system,paper,paper,ETH/USD,LONG,3271.390000,3304.791736,3129.575089,,0.000000,2025-01-21T10:00:00+00:00,2025-01-21T20:00:00+00:00,0.24,WIN,,CLOSED,295.94,,,Backtest replay,2026-06-26T23:26:15.833969+00:00,2026-08-04T00:43:12.415465+00:00,00000000-0000-0000-0000-000000000001
7f0832cb-37b8-405e-8908-ca3c7a486eb0,system,paper,paper,BTC/USD,LONG,103776.060000,104906.831043,100893.367876,,0.000000,2025-01-23T23:00:00+00:00,2025-01-24T09:00:00+00:00,0.39,WIN,,CLOSED,495.19,,,Backtest replay,2026-06-26T23:26:15.833969+00:00,2026-08-04T00:43:12.415465+00:00,00000000-0000-0000-0000-000000000001
02d4513f-3b46-42c6-8623-82b9c2e94fcb,system,paper,paper,ETH/USD,LONG,3330.640000,3321.626492,3262.471507,,0.000000,2025-01-25T16:00:00+00:00,2025-01-26T02:00:00+00:00,-0.13,LOSS,,CLOSED,-168.23,,,Backtest replay,2026-06-26T23:26:15.833969+00:00,2026-08-04T00:43:12.415465+00:00,00000000-0000-0000-0000-000000000001
7a263b4d-1854-49ab-9696-4bdbdf51fb89,system,paper,paper,BTC/USD,LONG,104978.820000,104778.799355,103998.168480,,0.000000,2025-01-26T04:00:00+00:00,2025-01-26T14:00:00+00:00,-0.20,LOSS,,CLOSED,-258.82,,,Backtest replay,2026-06-26T23:26:15.833969+00:00,2026-08-04T00:43:12.415465+00:00,00000000-0000-0000-0000-000000000001
296cd9fc-0d20-4ed0-8b46-5389f7e20f03,system,paper,paper,ETH/USD,LONG,3336.410000,3304.173972,3263.601606,,0.000000,2025-01-26T04:00:00+00:00,2025-01-26T14:00:00+00:00,-0.44,LOSS,,CLOSED,-559.53,,,Backtest replay,2026-06-26T23:26:15.833969+00:00,2026-08-04T00:43:12.415465+00:00,00000000-0000-0000-0000-000000000001
b3e59f5d-56e1-41a8-b503-7651c90392fc,system,paper,paper,ETH/USD,SHORT,3122.180000,3177.724590,3171.985744,,0.000000,2025-01-29T18:00:00+00:00,2025-01-29T20:00:00+00:00,-1.12,LOSS,,CLOSED,-1396.90,,,Backtest replay,2026-06-26T23:26:15.833969+00:00,2026-08-04T00:43:12.415465+00:00,00000000-0000-0000-0000-000000000001
49bbc45a-d66d-45a9-b11a-cb44eb9247b0,system,paper,paper,BTC/USD,LONG,104553.710000,103635.633947,103791.583460,,0.000000,2025-01-31T13:00:00+00:00,2025-01-31T18:00:00+00:00,-1.20,LOSS,,CLOSED,-1475.22,,,Backtest replay,2026-06-26T23:26:15.833969+00:00,2026-08-04T00:43:12.415465+00:00,00000000-0000-0000-0000-000000000001
50c49d08-fca3-4772-ab70-41a39e3eb33f,system,paper,paper,ETH/USD,SHORT,2815.900000,2824.823347,3455.006670,,0.000000,2025-02-04T03:00:00+00:00,2025-02-04T13:00:00+00:00,-0.01,LOSS,,CLOSED,-16.69,,,Backtest replay,2026-06-26T23:26:15.833969+00:00,2026-08-04T00:43:12.415465+00:00,00000000-0000-0000-0000-000000000001
594031f4-7923-442d-a07d-b2b7898811a6,system,paper,paper,BTC/USD,LONG,96335.420000,95900.343144,95468.061209,,0.000000,2025-02-08T00:00:00+00:00,2025-02-08T10:00:00+00:00,-0.50,LOSS,,CLOSED,-599.32,,,Backtest replay,2026-06-26T23:26:15.833969+00:00,2026-08-04T00:43:12.415465+00:00,00000000-0000-0000-0000-000000000001
53f3b3ea-1108-4f30-aae7-2014f84a3d92,system,paper,paper,BTC/USD,LONG,96687.810000,96372.344515,95515.557184,,0.000000,2025-02-09T02:00:00+00:00,2025-02-09T12:00:00+00:00,-0.27,LOSS,,CLOSED,-318.31,,,Backtest replay,2026-06-26T23:26:15.833969+00:00,2026-08-04T00:43:12.415465+00:00,00000000-0000-0000-0000-000000000001
02a5534b-97e6-4170-a975-79f4a98b3e9c,system,paper,paper,ETH/USD,SHORT,2634.530000,2648.673364,2704.578204,,0.000000,2025-02-09T14:00:00+00:00,2025-02-10T00:00:00+00:00,-0.20,LOSS,,CLOSED,-237.53,,,Backtest replay,2026-06-26T23:26:15.833969+00:00,2026-08-04T00:43:12.415465+00:00,00000000-0000-0000-0000-000000000001
f4af76b9-9b65-4075-9850-799ac0b4b30c,system,paper,paper,ETH/USD,SHORT,2642.100000,2653.272960,2707.911001,,0.000000,2025-02-10T00:00:00+00:00,2025-02-10T10:00:00+00:00,-0.17,LOSS,,CLOSED,-198.92,,,Backtest replay,2026-06-26T23:26:15.833969+00:00,2026-08-04T00:43:12.415465+00:00,00000000-0000-0000-0000-000000000001
777f9eb6-59b6-4abd-b37d-910efce1ead2,system,paper,paper,BTC/USD,LONG,95917.510000,95309.024434,95097.396150,,0.000000,2025-02-17T21:00:00+00:00,2025-02-18T07:00:00+00:00,-0.74,LOSS,,CLOSED,-866.39,,,Backtest replay,2026-06-26T23:26:15.833969+00:00,2026-08-04T00:43:12.415465+00:00,00000000-0000-0000-0000-000000000001
994eb786-3600-4fba-9a04-3c58d9a3c6a4,system,paper,paper,BTC/USD,LONG,95634.050000,96201.106688,95090.522075,,0.000000,2025-02-18T10:00:00+00:00,2025-02-18T15:00:00+00:00,1.04,WIN,,CLOSED,1200.18,,,Backtest replay,2026-06-26T23:26:15.833969+00:00,2026-08-04T00:43:12.415465+00:00,00000000-0000-0000-0000-000000000001
036d36ee-2606-4ca0-98da-c59c643cf5a3,system,paper,paper,ETH/USD,SHORT,2720.000000,2746.977156,2742.801111,,0.000000,2025-02-19T20:00:00+00:00,2025-02-20T02:00:00+00:00,-1.18,LOSS,,CLOSED,-1389.48,,,Backtest replay,2026-06-26T23:26:15.833969+00:00,2026-08-04T00:43:12.415465+00:00,00000000-0000-0000-0000-000000000001
0a9cb3b0-dba8-4f01-a216-4b9dc35873e1,system,paper,paper,BTC/USD,LONG,95666.880000,96280.884687,93210.253574,,0.000000,2025-02-21T23:00:00+00:00,2025-02-22T09:00:00+00:00,0.25,WIN,,CLOSED,286.58,,,Backtest replay,2026-06-26T23:26:15.833969+00:00,2026-08-04T00:43:12.415465+00:00,00000000-0000-0000-0000-000000000001
a3ed8cae-d3ac-4f46-a4e3-b7307f874b04,system,paper,paper,BTC/USD,LONG,96437.240000,96395.098969,94757.581424,,0.000000,2025-02-22T10:00:00+00:00,2025-02-22T20:00:00+00:00,-0.03,LOSS,,CLOSED,-28.91,,,Backtest replay,2026-06-26T23:26:15.833969+00:00,2026-08-04T00:43:12.415465+00:00,00000000-0000-0000-0000-000000000001
6d880961-4fcc-41ca-8dc6-6282c30d61a6,system,paper,paper,ETH/USD,SHORT,2466.810000,2340.177028,2542.086691,,0.000000,2025-02-26T12:00:00+00:00,2025-02-26T22:00:00+00:00,1.68,WIN,,CLOSED,1937.52,,,Backtest replay,2026-06-26T23:26:15.833969+00:00,2026-08-04T00:43:12.415465+00:00,00000000-0000-0000-0000-000000000001
a74ba378-0512-4eba-ac81-699e6cdd0002,system,paper,paper,BTC/USD,SHORT,85075.630000,85406.984706,87330.478740,,0.000000,2025-03-01T07:00:00+00:00,2025-03-01T17:00:00+00:00,-0.15,LOSS,,CLOSED,-174.95,,,Backtest replay,2026-06-26T23:26:15.833969+00:00,2026-08-04T00:43:12.415465+00:00,00000000-0000-0000-0000-000000000001
72d583f6-b43a-4fe3-9efe-822773a25c09,system,paper,paper,ETH/USD,SHORT,2236.500000,2205.847524,2390.093093,,0.000000,2025-03-01T07:00:00+00:00,2025-03-01T17:00:00+00:00,0.20,WIN,,CLOSED,236.89,,,Backtest replay,2026-06-26T23:26:15.833969+00:00,2026-08-04T00:43:12.415465+00:00,00000000-0000-0000-0000-000000000001
575c4c68-8b79-4c9c-9930-fdad5cd62c76,system,paper,paper,BTC/USD,SHORT,91993.830000,88868.892112,95256.067911,,0.000000,2025-03-06T07:00:00+00:00,2025-03-06T17:00:00+00:00,0.96,WIN,,CLOSED,1141.58,,,Backtest replay,2026-06-26T23:26:15.833969+00:00,2026-08-04T00:43:12.415465+00:00,00000000-0000-0000-0000-000000000001
e2732eec-dc94-45c4-b7e2-c6d317daf8c4,system,paper,paper,BTC/USD,SHORT,90471.020000,86321.824461,93183.223430,,0.000000,2025-03-07T00:00:00+00:00,2025-03-07T01:00:00+00:00,1.53,WIN,,CLOSED,1858.08,,,Backtest replay,2026-06-26T23:26:15.833969+00:00,2026-08-04T00:43:12.415465+00:00,00000000-0000-0000-0000-000000000001
17bf8071-522b-4ea5-9620-c21708c1f35f,system,paper,paper,ETH/USD,SHORT,2210.750000,2170.604525,2264.790633,,0.000000,2025-03-08T23:00:00+00:00,2025-03-09T09:00:00+00:00,0.74,WIN,,CLOSED,929.88,,,Backtest replay,2026-06-26T23:26:15.833969+00:00,2026-08-04T00:43:12.415465+00:00,00000000-0000-0000-0000-000000000001
b8ac00fc-a259-49e9-a7e3-adfb1873f156,system,paper,paper,ETH/USD,SHORT,2170.300000,2047.065903,2240.203203,,0.000000,2025-03-09T10:00:00+00:00,2025-03-10T02:00:00+00:00,1.76,WIN,,CLOSED,2239.50,,,Backtest replay,2026-06-26T23:26:15.833969+00:00,2026-08-04T00:43:12.415465+00:00,00000000-0000-0000-0000-000000000001
e463eb5a-7329-4fde-bbb3-ca017b56c4aa,system,paper,paper,BTC/USD,SHORT,82620.010000,84540.506280,84371.310258,,0.000000,2025-03-12T03:00:00+00:00,2025-03-12T12:00:00+00:00,-1.10,LOSS,,CLOSED,-1442.18,,,Backtest replay,2026-06-26T23:26:15.833969+00:00,2026-08-04T00:43:12.415465+00:00,00000000-0000-0000-0000-000000000001
10db5b86-74ba-4db2-a0cb-002b6c4c8266,system,paper,paper,ETH/USD,SHORT,1868.900000,1867.150830,1971.603759,,0.000000,2025-03-12T04:00:00+00:00,2025-03-12T14:00:00+00:00,0.02,WIN,,CLOSED,21.91,,,Backtest replay,2026-06-26T23:26:15.833969+00:00,2026-08-04T00:43:12.415465+00:00,00000000-0000-0000-0000-000000000001
31a2b0b9-7710-477c-8b6b-a87611d7c490,system,paper,paper,ETH/USD,SHORT,1896.150000,1905.351283,1967.047585,,0.000000,2025-03-13T01:00:00+00:00,2025-03-13T11:00:00+00:00,-0.13,LOSS,,CLOSED,-166.99,,,Backtest replay,2026-06-26T23:26:15.833969+00:00,2026-08-04T00:43:12.415465+00:00,00000000-0000-0000-0000-000000000001
0509a7b4-e07c-4b89-87d9-10228f86a169,system,paper,paper,BTC/USD,SHORT,84251.860000,83305.812572,85274.368510,,0.000000,2025-03-17T21:00:00+00:00,2025-03-18T07:00:00+00:00,0.93,WIN,,CLOSED,1187.41,,,Backtest replay,2026-06-26T23:26:15.833969+00:00,2026-08-04T00:43:12.415465+00:00,00000000-0000-0000-0000-000000000001
83b4e11a-dd47-42d0-a2f7-a03207fc884d,system,paper,paper,ETH/USD,SHORT,1932.490000,1904.729472,1961.252102,,0.000000,2025-03-17T23:00:00+00:00,2025-03-18T09:00:00+00:00,0.97,WIN,,CLOSED,1261.61,,,Backtest replay,2026-06-26T23:26:15.833969+00:00,2026-08-04T00:43:12.415465+00:00,00000000-0000-0000-0000-000000000001
8e60c613-edd7-41b6-b1e2-47adba48bfa6,system,paper,paper,BTC/USD,SHORT,84269.710000,84336.388738,84995.337159,,0.000000,2025-03-21T14:00:00+00:00,2025-03-22T00:00:00+00:00,-0.09,LOSS,,CLOSED,-122.43,,,Backtest replay,2026-06-26T23:26:15.833969+00:00,2026-08-04T00:43:12.415465+00:00,00000000-0000-0000-0000-000000000001
0106370b-1095-4ece-a373-d219fd2aaef5,system,paper,paper,BTC/USD,SHORT,84296.390000,84077.191058,84662.524740,,0.000000,2025-03-22T12:00:00+00:00,2025-03-22T22:00:00+00:00,0.60,WIN,,CLOSED,796.20,,,Backtest replay,2026-06-26T23:26:15.833969+00:00,2026-08-04T00:43:12.415465+00:00,00000000-0000-0000-0000-000000000001
bbb9d0c9-f03f-4ad0-9a47-420b866a40f7,system,paper,paper,ETH/USD,SHORT,1990.130000,2012.264255,2009.116633,,0.000000,2025-03-22T22:00:00+00:00,2025-03-23T07:00:00+00:00,-1.17,LOSS,,CLOSED,-1568.95,,,Backtest replay,2026-06-26T23:26:15.833969+00:00,2026-08-04T00:43:12.415465+00:00,00000000-0000-0000-0000-000000000001
20e7c0fb-8a04-4738-aeff-218813ab7897,system,paper,paper,BTC/USD,SHORT,84103.990000,84765.777066,84643.280652,,0.000000,2025-03-23T01:00:00+00:00,2025-03-23T11:00:00+00:00,-1.23,LOSS,,CLOSED,-1613.02,,,Backtest replay,2026-06-26T23:26:15.833969+00:00,2026-08-04T00:43:12.415465+00:00,00000000-0000-0000-0000-000000000001
a6efe527-7450-4bdc-8c64-69e92cd70a27,system,paper,paper,BTC/USD,SHORT,87316.290000,87726.641261,88645.832817,,0.000000,2025-03-27T11:00:00+00:00,2025-03-27T21:00:00+00:00,-0.31,LOSS,,CLOSED,-395.74,,,Backtest replay,2026-06-26T23:26:15.833969+00:00,2026-08-04T00:43:12.415465+00:00,00000000-0000-0000-0000-000000000001
360d61cc-047e-4433-aa35-f54c86ecf82c,system,paper,paper,BTC/USD,SHORT,87018.360000,84746.482109,87867.780683,,0.000000,2025-03-28T03:00:00+00:00,2025-03-30T00:00:00+00:00,2.67,WIN,,CLOSED,3408.21,,,Backtest replay,2026-06-26T23:26:15.833969+00:00,2026-08-04T00:43:12.415465+00:00,00000000-0000-0000-0000-000000000001
b2bae431-78b4-4030-b2c4-fe131b94f592,system,paper,paper,BTC/USD,SHORT,83889.880000,83783.311928,84918.231805,,0.000000,2025-04-05T00:00:00+00:00,2025-04-05T10:00:00+00:00,0.10,WIN,,CLOSED,139.12,,,Backtest replay,2026-06-26T23:26:15.833969+00:00,2026-08-04T00:43:12.415465+00:00,00000000-0000-0000-0000-000000000001
ec189c35-cb1c-4439-9b2a-ecf61e3e1389,system,paper,paper,ETH/USD,SHORT,1816.240000,1790.182533,1840.316123,,0.000000,2025-04-05T03:00:00+00:00,2025-04-05T13:00:00+00:00,1.08,WIN,,CLOSED,1455.93,,,Backtest replay,2026-06-26T23:26:15.833969+00:00,2026-08-04T00:43:12.415465+00:00,00000000-0000-0000-0000-000000000001
2ef34f80-f44e-4ae9-b459-ceac2028d928,system,paper,paper,BTC/USD,SHORT,83207.220000,80972.763821,84809.848926,,0.000000,2025-04-06T07:00:00+00:00,2025-04-06T17:00:00+00:00,1.39,WIN,,CLOSED,1916.17,,,Backtest replay,2026-06-26T23:26:15.833969+00:00,2026-08-04T00:43:12.415465+00:00,00000000-0000-0000-0000-000000000001
8a26f405-b679-4d94-9769-bc4e253f334b,system,paper,paper,ETH/USD,SHORT,1801.590000,1729.959426,1838.631683,,0.000000,2025-04-06T07:00:00+00:00,2025-04-06T17:00:00+00:00,1.93,WIN,,CLOSED,2731.79,,,Backtest replay,2026-06-26T23:26:15.833969+00:00,2026-08-04T00:43:12.415465+00:00,00000000-0000-0000-0000-000000000001
416f7229-83a1-4ac8-9da8-9e18ae3860d5,system,paper,paper,ETH/USD,SHORT,1563.300000,1571.353347,1648.234687,,0.000000,2025-04-08T00:00:00+00:00,2025-04-08T10:00:00+00:00,-0.09,LOSS,,CLOSED,-139.13,,,Backtest replay,2026-06-26T23:26:15.833969+00:00,2026-08-04T00:43:12.415465+00:00,00000000-0000-0000-0000-000000000001
62958a1e-5339-447c-9066-4fee8e92a498,system,paper,paper,BTC/USD,SHORT,78859.850000,76270.077910,81482.752257,,0.000000,2025-04-08T15:00:00+00:00,2025-04-09T01:00:00+00:00,0.99,WIN,,CLOSED,1446.02,,,Backtest replay,2026-06-26T23:26:15.833969+00:00,2026-08-04T00:43:12.415465+00:00,00000000-0000-0000-0000-000000000001
16595b38-9f87-464e-9846-248678b0074b,system,paper,paper,BTC/USD,SHORT,84472.310000,84679.550934,85634.164059,,0.000000,2025-04-17T05:00:00+00:00,2025-04-17T15:00:00+00:00,-0.18,LOSS,,CLOSED,-266.39,,,Backtest replay,2026-06-26T23:26:15.833969+00:00,2026-08-04T00:43:12.415465+00:00,00000000-0000-0000-0000-000000000001
d714031f-b68a-418c-9d67-c60be9a8f003,system,paper,paper,ETH/USD,SHORT,1597.560000,1584.184633,1617.999019,,0.000000,2025-04-17T09:00:00+00:00,2025-04-17T19:00:00+00:00,0.65,WIN,,CLOSED,973.83,,,Backtest replay,2026-06-26T23:26:15.833969+00:00,2026-08-04T00:43:12.415465+00:00,00000000-0000-0000-0000-000000000001
670a926b-c99b-4858-ac4e-762623803be5,system,paper,paper,ETH/USD,SHORT,1587.680000,1593.769890,1617.546857,,0.000000,2025-04-18T01:00:00+00:00,2025-04-18T11:00:00+00:00,-0.20,LOSS,,CLOSED,-307.40,,,Backtest replay,2026-06-26T23:26:15.833969+00:00,2026-08-04T00:43:12.415465+00:00,00000000-0000-0000-0000-000000000001
e3fa59be-ea9e-47c2-b22e-97db6074cb7c,system,paper,paper,BTC/USD,LONG,93011.930000,92887.332812,91521.108197,,0.000000,2025-04-24T18:00:00+00:00,2025-04-25T04:00:00+00:00,-0.08,LOSS,,CLOSED,-125.48,,,Backtest replay,2026-06-26T23:26:15.833969+00:00,2026-08-04T00:43:12.415465+00:00,00000000-0000-0000-0000-000000000001
6bf7b34b-5f6d-436c-9da6-f6afbf7e7467,system,paper,paper,BTC/USD,LONG,94555.000000,93637.469490,93781.861048,,0.000000,2025-04-26T23:00:00+00:00,2025-04-27T05:00:00+00:00,-1.19,LOSS,,CLOSED,-1778.87,,,Backtest replay,2026-06-26T23:26:15.833969+00:00,2026-08-04T00:43:12.415465+00:00,00000000-0000-0000-0000-000000000001
bc618bf3-eeb5-4a39-9f1b-852f488c53cd,system,paper,paper,ETH/USD,SHORT,1799.000000,1835.908561,1832.413231,,0.000000,2025-04-28T22:00:00+00:00,2025-04-29T08:00:00+00:00,-1.10,LOSS,,CLOSED,-1616.44,,,Backtest replay,2026-06-26T23:26:15.833969+00:00,2026-08-04T00:43:12.415465+00:00,00000000-0000-0000-0000-000000000001
1e688720-cf88-4ba7-834b-73e1341cb987,system,paper,paper,ETH/USD,SHORT,1776.330000,1824.759806,1820.847509,,0.000000,2025-05-01T00:00:00+00:00,2025-05-01T09:00:00+00:00,-1.09,LOSS,,CLOSED,-1556.79,,,Backtest replay,2026-06-26T23:26:15.833969+00:00,2026-08-04T00:43:12.415465+00:00,00000000-0000-0000-0000-000000000001
534e3595-474e-410c-915a-dcaef0b0de34,system,paper,paper,BTC/USD,LONG,96292.630000,95645.469555,95781.467222,,0.000000,2025-05-03T20:00:00+00:00,2025-05-03T23:00:00+00:00,-1.27,LOSS,,CLOSED,-1772.34,,,Backtest replay,2026-06-26T23:26:15.833969+00:00,2026-08-04T00:43:12.415465+00:00,00000000-0000-0000-0000-000000000001
8c163583-f1a3-44d3-900d-f6cc865cf2bb,system,paper,paper,BTC/USD,LONG,103544.020000,104285.163560,102875.301287,,0.000000,2025-05-11T07:00:00+00:00,2025-05-11T22:00:00+00:00,1.11,WIN,,CLOSED,1512.22,,,Backtest replay,2026-06-26T23:26:15.833969+00:00,2026-08-04T00:43:12.415465+00:00,00000000-0000-0000-0000-000000000001
ecaefc7f-6be8-470a-b872-c67c8e23af36,system,paper,paper,ETH/USD,LONG,2502.000000,2524.547405,2425.995126,,0.000000,2025-05-12T01:00:00+00:00,2025-05-12T11:00:00+00:00,0.30,WIN,,CLOSED,413.74,,,Backtest replay,2026-06-26T23:26:15.833969+00:00,2026-08-04T00:43:12.415465+00:00,00000000-0000-0000-0000-000000000001
20529675-0fe2-4610-8655-c31ae0aa646a,system,paper,paper,BTC/USD,LONG,104152.840000,103258.088936,103412.678792,,0.000000,2025-05-12T08:00:00+00:00,2025-05-12T14:00:00+00:00,-1.21,LOSS,,CLOSED,-1695.99,,,Backtest replay,2026-06-26T23:26:15.833969+00:00,2026-08-04T00:43:12.415465+00:00,00000000-0000-0000-0000-000000000001
9208dc93-5dca-4ba4-b339-9be8d53068bc,system,paper,paper,ETH/USD,LONG,2598.580000,2533.322588,2538.830850,,0.000000,2025-05-15T04:00:00+00:00,2025-05-15T07:00:00+00:00,-1.09,LOSS,,CLOSED,-1495.26,,,Backtest replay,2026-06-26T23:26:15.833969+00:00,2026-08-04T00:43:12.415465+00:00,00000000-0000-0000-0000-000000000001
418914d4-5ab9-4510-ba29-2904015d5682,system,paper,paper,BTC/USD,LONG,103026.330000,103755.627388,102424.387807,,0.000000,2025-05-15T18:00:00+00:00,2025-05-17T00:00:00+00:00,1.21,WIN,,CLOSED,1622.46,,,Backtest replay,2026-06-26T23:26:15.833969+00:00,2026-08-04T00:43:12.415465+00:00,00000000-0000-0000-0000-000000000001
d8c8d426-453d-4121-97d0-a2b30e2ec09d,system,paper,paper,ETH/USD,LONG,2525.500000,2658.202371,2431.574275,,0.000000,2025-05-21T23:00:00+00:00,2025-05-22T09:00:00+00:00,1.41,WIN,,CLOSED,1937.84,,,Backtest replay,2026-06-26T23:26:15.833969+00:00,2026-08-04T00:43:12.415465+00:00,00000000-0000-0000-0000-000000000001
aa58f70d-57bf-49cd-846d-3ed747390d25,system,paper,paper,ETH/USD,LONG,2571.990000,2507.412661,2442.216234,,0.000000,2025-05-23T14:00:00+00:00,2025-05-24T00:00:00+00:00,-0.50,LOSS,,CLOSED,-701.81,,,Backtest replay,2026-06-26T23:26:15.833969+00:00,2026-08-04T00:43:12.415465+00:00,00000000-0000-0000-0000-000000000001
199f0aac-5667-4f4d-aaca-a1745ac50ead,system,paper,paper,ETH/USD,LONG,2538.120000,2541.497412,2490.448912,,0.000000,2025-05-24T03:00:00+00:00,2025-05-24T13:00:00+00:00,0.07,WIN,,CLOSED,98.93,,,Backtest replay,2026-06-26T23:26:15.833969+00:00,2026-08-04T00:43:12.415465+00:00,00000000-0000-0000-0000-000000000001
4a2f2598-d480-460d-9685-418bccd3c8f7,system,paper,paper,BTC/USD,LONG,108300.000000,108763.232826,106629.820638,,0.000000,2025-05-24T09:00:00+00:00,2025-05-24T19:00:00+00:00,0.28,WIN,,CLOSED,387.82,,,Backtest replay,2026-06-26T23:26:15.833969+00:00,2026-08-04T00:43:12.415465+00:00,00000000-0000-0000-0000-000000000001
bfb077a3-6242-47cf-8430-b98dfc26ece2,system,paper,paper,BTC/USD,LONG,107300.000000,106514.519322,106668.537809,,0.000000,2025-05-25T13:00:00+00:00,2025-05-25T15:00:00+00:00,-1.24,LOSS,,CLOSED,-1748.99,,,Backtest replay,2026-06-26T23:26:15.833969+00:00,2026-08-04T00:43:12.415465+00:00,00000000-0000-0000-0000-000000000001
07856552-b08a-448e-9f73-c173051d722f,system,paper,paper,BTC/USD,LONG,108863.630000,109014.258545,107351.252516,,0.000000,2025-05-27T14:00:00+00:00,2025-05-28T00:00:00+00:00,0.10,WIN,,CLOSED,136.55,,,Backtest replay,2026-06-26T23:26:15.833969+00:00,2026-08-04T00:43:12.415465+00:00,00000000-0000-0000-0000-000000000001
631e9e36-4d33-46b9-82e4-8554f1a8e21f,system,paper,paper,ETH/USD,LONG,2652.880000,2734.382331,2602.110099,,0.000000,2025-05-28T21:00:00+00:00,2025-05-29T04:00:00+00:00,1.61,WIN,,CLOSED,2205.39,,,Backtest replay,2026-06-26T23:26:15.833969+00:00,2026-08-04T00:43:12.415465+00:00,00000000-0000-0000-0000-000000000001
225c8994-519a-4978-922b-6622c36ec979,system,paper,paper,ETH/USD,LONG,2697.620000,2638.035704,2604.691201,,0.000000,2025-05-29T12:00:00+00:00,2025-05-29T22:00:00+00:00,-0.64,LOSS,,CLOSED,-909.13,,,Backtest replay,2026-06-26T23:26:15.833969+00:00,2026-08-04T00:43:12.415465+00:00,00000000-0000-0000-0000-000000000001
0c0333f0-c1fe-460f-a16b-c580ab326397,system,paper,paper,BTC/USD,LONG,104575.370000,105862.291081,103624.036092,,0.000000,2025-06-02T21:00:00+00:00,2025-06-03T04:00:00+00:00,1.35,WIN,,CLOSED,1893.48,,,Backtest replay,2026-06-26T23:26:15.833969+00:00,2026-08-04T00:43:12.415465+00:00,00000000-0000-0000-0000-000000000001
a2bd7577-bb00-4ba3-93a6-c306413ae491,system,paper,paper,BTC/USD,LONG,105650.960000,104877.573176,105029.223777,,0.000000,2025-06-04T10:00:00+00:00,2025-06-04T12:00:00+00:00,-1.24,LOSS,,CLOSED,-1788.24,,,Backtest replay,2026-06-26T23:26:15.833969+00:00,2026-08-04T00:43:12.415465+00:00,00000000-0000-0000-0000-000000000001
1c7b4fa6-4772-4090-afdd-625cbbd10542,system,paper,paper,ETH/USD,LONG,2610.010000,2602.940674,2569.827149,,0.000000,2025-06-04T13:00:00+00:00,2025-06-04T23:00:00+00:00,-0.18,LOSS,,CLOSED,-246.62,,,Backtest replay,2026-06-26T23:26:15.833969+00:00,2026-08-04T00:43:12.415465+00:00,00000000-0000-0000-0000-000000000001
6f68a82c-686b-41a4-a0f7-289d62c5573b,system,paper,paper,ETH/USD,LONG,2617.310000,2584.831628,2569.869996,,0.000000,2025-06-05T03:00:00+00:00,2025-06-05T13:00:00+00:00,-0.68,LOSS,,CLOSED,-956.34,,,Backtest replay,2026-06-26T23:26:15.833969+00:00,2026-08-04T00:43:12.415465+00:00,00000000-0000-0000-0000-000000000001
7ffa0bee-cf52-4546-a734-4751b53236a0,system,paper,paper,ETH/USD,LONG,2783.830000,2740.412990,2745.294986,,0.000000,2025-06-11T21:00:00+00:00,2025-06-11T22:00:00+00:00,-1.13,LOSS,,CLOSED,-1552.31,,,Backtest replay,2026-06-26T23:26:15.833969+00:00,2026-08-04T00:43:12.415465+00:00,00000000-0000-0000-0000-000000000001
9f1e12da-15d6-4eb1-b1b9-b91dabbf73b9,system,paper,paper,BTC/USD,LONG,107543.480000,107022.122846,107166.263675,,0.000000,2025-06-30T07:00:00+00:00,2025-06-30T14:00:00+00:00,-1.38,LOSS,,CLOSED,-1861.32,,,Backtest replay,2026-06-26T23:26:15.833969+00:00,2026-08-04T00:43:12.415465+00:00,00000000-0000-0000-0000-000000000001
c2ce1c9d-3c58-4753-98f1-cf85c9b97b8e,system,paper,paper,BTC/USD,LONG,108665.470000,107774.609302,107711.916644,,0.000000,2025-07-07T07:00:00+00:00,2025-07-07T17:00:00+00:00,-0.93,LOSS,,CLOSED,-1223.40,,,Backtest replay,2026-06-26T23:26:15.833969+00:00,2026-08-04T00:43:12.415465+00:00,00000000-0000-0000-0000-000000000001
695d65f2-8b9c-4f7d-8e19-b97156b6d484,system,paper,paper,ETH/USD,LONG,3000.140000,3131.281673,2924.936019,,0.000000,2025-07-15T13:00:00+00:00,2025-07-15T23:00:00+00:00,1.74,WIN,,CLOSED,2240.84,,,Backtest replay,2026-06-26T23:26:15.833969+00:00,2026-08-04T00:43:12.415465+00:00,00000000-0000-0000-0000-000000000001
b8fb7241-8b61-4ac3-b764-5df49c157638,system,paper,paper,ETH/USD,LONG,3566.410000,3544.554184,3467.256891,,0.000000,2025-07-19T08:00:00+00:00,2025-07-19T18:00:00+00:00,-0.22,LOSS,,CLOSED,-293.13,,,Backtest replay,2026-06-26T23:26:15.833969+00:00,2026-08-04T00:43:12.415465+00:00,00000000-0000-0000-0000-000000000001
10015ac2-ade1-4382-87b2-1f16f5dd1216,system,paper,paper,BTC/USD,LONG,117780.000000,118998.221361,116284.184019,,0.000000,2025-07-22T07:00:00+00:00,2025-07-22T17:00:00+00:00,0.81,WIN,,CLOSED,1078.27,,,Backtest replay,2026-06-26T23:26:15.833969+00:00,2026-08-04T00:43:12.415465+00:00,00000000-0000-0000-0000-000000000001
f3658e69-dc6e-4c62-ad62-218fb43e9e0d,system,paper,paper,BTC/USD,LONG,118421.860000,116944.393863,117137.860092,,0.000000,2025-07-24T07:00:00+00:00,2025-07-24T07:00:00+00:00,-1.15,LOSS,,CLOSED,-1548.28,,,Backtest replay,2026-06-26T23:26:15.833969+00:00,2026-08-04T00:43:12.415465+00:00,00000000-0000-0000-0000-000000000001
ae1a42b6-62b4-4b0c-9e84-682ee9421a70,system,paper,paper,BTC/USD,LONG,118416.660000,117636.853238,117298.740738,,0.000000,2025-07-29T04:00:00+00:00,2025-07-29T14:00:00+00:00,-0.70,LOSS,,CLOSED,-916.99,,,Backtest replay,2026-06-26T23:26:15.833969+00:00,2026-08-04T00:43:12.415465+00:00,00000000-0000-0000-0000-000000000001
78fc46c0-3e0b-4be0-b9da-514a92f79847,system,paper,paper,ETH/USD,LONG,3775.770000,3774.701575,3700.082480,,0.000000,2025-07-29T04:00:00+00:00,2025-07-29T14:00:00+00:00,-0.01,LOSS,,CLOSED,-18.30,,,Backtest replay,2026-06-26T23:26:15.833969+00:00,2026-08-04T00:43:12.415465+00:00,00000000-0000-0000-0000-000000000001
cb831c96-8e64-4762-b08c-5b1ca1ac2d4f,system,paper,paper,ETH/USD,LONG,3700.810000,3662.373167,3668.121672,,0.000000,2025-08-01T03:00:00+00:00,2025-08-01T05:00:00+00:00,-1.18,LOSS,,CLOSED,-1523.76,,,Backtest replay,2026-06-26T23:26:15.833969+00:00,2026-08-04T00:43:12.415465+00:00,00000000-0000-0000-0000-000000000001
c69a4d09-6925-4bc1-8fc0-aff2dbb68c51,system,paper,paper,ETH/USD,LONG,4228.140000,4234.685033,4143.610032,,0.000000,2025-08-11T10:00:00+00:00,2025-08-11T20:00:00+00:00,0.08,WIN,,CLOSED,97.98,,,Backtest replay,2026-06-26T23:26:15.833969+00:00,2026-08-04T00:43:12.415465+00:00,00000000-0000-0000-0000-000000000001
a72dc4c6-4e18-4223-962a-0815318a6a1a,system,paper,paper,ETH/USD,LONG,4258.680000,4527.929282,4156.424187,,0.000000,2025-08-12T11:00:00+00:00,2025-08-14T11:00:00+00:00,2.63,WIN,,CLOSED,3329.52,,,Backtest replay,2026-06-26T23:26:15.833969+00:00,2026-08-04T00:43:12.415465+00:00,00000000-0000-0000-0000-000000000001
a13e21c4-533b-4924-a645-c6cd31ba9d4e,system,paper,paper,BTC/USD,LONG,119525.000000,119340.806725,117896.668123,,0.000000,2025-08-12T16:00:00+00:00,2025-08-13T02:00:00+00:00,-0.11,LOSS,,CLOSED,-143.36,,,Backtest replay,2026-06-26T23:26:15.833969+00:00,2026-08-04T00:43:12.415465+00:00,00000000-0000-0000-0000-000000000001
22ead7cd-2a95-42ea-a406-f67937bbd9bd,system,paper,paper,ETH/USD,LONG,4537.320000,4626.621333,4433.722931,,0.000000,2025-08-15T00:00:00+00:00,2025-08-15T10:00:00+00:00,0.86,WIN,,CLOSED,1147.40,,,Backtest replay,2026-06-26T23:26:15.833969+00:00,2026-08-04T00:43:12.415465+00:00,00000000-0000-0000-0000-000000000001
43906406-d0c6-42a1-8562-3122774986c0,system,paper,paper,ETH/USD,LONG,4728.040000,4789.332836,4646.952102,,0.000000,2025-08-23T14:00:00+00:00,2025-08-24T00:00:00+00:00,0.76,WIN,,CLOSED,1023.48,,,Backtest replay,2026-06-26T23:26:15.833969+00:00,2026-08-04T00:43:12.415465+00:00,00000000-0000-0000-0000-000000000001
a88f513f-0ed2-4737-bd33-2b8c3cd402d2,system,paper,paper,ETH/USD,LONG,4767.170000,4737.327307,4650.117783,,0.000000,2025-08-24T01:00:00+00:00,2025-08-24T11:00:00+00:00,-0.25,LOSS,,CLOSED,-350.43,,,Backtest replay,2026-06-26T23:26:15.833969+00:00,2026-08-04T00:43:12.415465+00:00,00000000-0000-0000-0000-000000000001
cb08e9ae-4ada-4d31-a50b-7e64c1830ffe,system,paper,paper,BTC/USD,SHORT,111469.070000,111521.030342,113099.006454,,0.000000,2025-08-27T01:00:00+00:00,2025-08-27T11:00:00+00:00,-0.03,LOSS,,CLOSED,-43.59,,,Backtest replay,2026-06-26T23:26:15.833969+00:00,2026-08-04T00:43:12.415465+00:00,00000000-0000-0000-0000-000000000001
e2e42649-2fa7-4c64-930b-36cba9d164f6,system,paper,paper,BTC/USD,SHORT,108816.330000,108310.696768,109563.259299,,0.000000,2025-08-31T15:00:00+00:00,2025-09-01T01:00:00+00:00,0.68,WIN,,CLOSED,925.13,,,Backtest replay,2026-06-26T23:26:15.833969+00:00,2026-08-04T00:43:12.415465+00:00,00000000-0000-0000-0000-000000000001
2a58569c-9582-41ee-a597-2a282e8bf25e,system,paper,paper,ETH/USD,LONG,4302.820000,4395.816663,4248.884180,,0.000000,2025-09-04T21:00:00+00:00,2025-09-05T14:00:00+00:00,1.72,WIN,,CLOSED,2388.24,,,Backtest replay,2026-06-26T23:26:15.833969+00:00,2026-08-04T00:43:12.415465+00:00,00000000-0000-0000-0000-000000000001
4f505299-8b5a-4e7b-87fc-7bb7eb888ae9,system,paper,paper,ETH/USD,LONG,4306.200000,4287.760903,4254.408576,,0.000000,2025-09-05T19:00:00+00:00,2025-09-06T05:00:00+00:00,-0.36,LOSS,,CLOSED,-510.14,,,Backtest replay,2026-06-26T23:26:15.833969+00:00,2026-08-04T00:43:12.415465+00:00,00000000-0000-0000-0000-000000000001
2c5c894f-93ba-44f7-a262-8734d71ac911,system,paper,paper,ETH/USD,LONG,4307.590000,4340.516052,4264.218998,,0.000000,2025-09-09T03:00:00+00:00,2025-09-09T13:00:00+00:00,0.76,WIN,,CLOSED,1080.06,,,Backtest replay,2026-06-26T23:26:15.833969+00:00,2026-08-04T00:43:12.415465+00:00,00000000-0000-0000-0000-000000000001
414d9ba9-2ace-418c-9e38-6893aae35c5f,system,paper,paper,ETH/USD,LONG,4323.440000,4402.721168,4271.363212,,0.000000,2025-09-10T08:00:00+00:00,2025-09-10T16:00:00+00:00,1.52,WIN,,CLOSED,2198.76,,,Backtest replay,2026-06-26T23:26:15.833969+00:00,2026-08-04T00:43:12.415465+00:00,00000000-0000-0000-0000-000000000001
2a03adaa-3687-413c-9a37-686b70039c52,system,paper,paper,ETH/USD,LONG,4357.330000,4419.080913,4269.572715,,0.000000,2025-09-11T00:00:00+00:00,2025-09-11T10:00:00+00:00,0.70,WIN,,CLOSED,1047.22,,,Backtest replay,2026-06-26T23:26:15.833969+00:00,2026-08-04T00:43:12.415465+00:00,00000000-0000-0000-0000-000000000001
af83a67f-8c99-4549-8ae4-1aed3a749196,system,paper,paper,ETH/USD,LONG,4656.560000,4589.818650,4597.758579,,0.000000,2025-09-14T04:00:00+00:00,2025-09-14T14:00:00+00:00,-1.14,LOSS,,CLOSED,-1712.99,,,Backtest replay,2026-06-26T23:26:15.833969+00:00,2026-08-04T00:43:12.415465+00:00,00000000-0000-0000-0000-000000000001
17eb9ce6-1b36-4975-a0c4-0a80a7e83296,system,paper,paper,ETH/USD,LONG,4468.300000,4457.902021,4405.399536,,0.000000,2025-09-19T22:00:00+00:00,2025-09-20T08:00:00+00:00,-0.17,LOSS,,CLOSED,-243.82,,,Backtest replay,2026-06-26T23:26:15.833969+00:00,2026-08-04T00:43:12.415465+00:00,00000000-0000-0000-0000-000000000001
54443158-0a17-4550-9470-a15f1b377910,system,paper,paper,ETH/USD,LONG,4487.000000,4473.639702,4431.102539,,0.000000,2025-09-20T15:00:00+00:00,2025-09-21T01:00:00+00:00,-0.24,LOSS,,CLOSED,-351.37,,,Backtest replay,2026-06-26T23:26:15.833969+00:00,2026-08-04T00:43:12.415465+00:00,00000000-0000-0000-0000-000000000001
d99154d9-a4f4-4687-8608-c128c6379174,system,paper,paper,ETH/USD,SHORT,4029.890000,4031.384722,4218.611338,,0.000000,2025-09-26T20:00:00+00:00,2025-09-27T06:00:00+00:00,-0.01,LOSS,,CLOSED,-11.59,,,Backtest replay,2026-06-26T23:26:15.833969+00:00,2026-08-04T00:43:12.415465+00:00,00000000-0000-0000-0000-000000000001
92a62c44-98f5-4481-9027-95055894c369,system,paper,paper,BTC/USD,SHORT,109570.360000,109547.099279,110398.981185,,0.000000,2025-09-27T07:00:00+00:00,2025-09-27T17:00:00+00:00,0.03,WIN,,CLOSED,41.06,,,Backtest replay,2026-06-26T23:26:15.833969+00:00,2026-08-04T00:43:12.415465+00:00,00000000-0000-0000-0000-000000000001
2bbb84a5-a049-4e19-b5c1-fd3bf3f21e5f,system,paper,paper,ETH/USD,SHORT,4007.930000,4003.594479,4075.554071,,0.000000,2025-09-27T08:00:00+00:00,2025-09-27T18:00:00+00:00,0.06,WIN,,CLOSED,93.84,,,Backtest replay,2026-06-26T23:26:15.833969+00:00,2026-08-04T00:43:12.415465+00:00,00000000-0000-0000-0000-000000000001
7544de4f-a79e-46dc-b06a-a04f1a9b4a0f,system,paper,paper,BTC/USD,LONG,123344.980000,123119.669333,121354.812737,,0.000000,2025-10-05T14:00:00+00:00,2025-10-06T00:00:00+00:00,-0.11,LOSS,,CLOSED,-165.91,,,Backtest replay,2026-06-26T23:26:15.833969+00:00,2026-08-04T00:43:12.415465+00:00,00000000-0000-0000-0000-000000000001
cfcc0a1e-ea4b-4bff-bce2-ac055d2df138,system,paper,paper,BTC/USD,LONG,123219.620000,123755.624321,121356.816630,,0.000000,2025-10-06T00:00:00+00:00,2025-10-06T10:00:00+00:00,0.29,WIN,,CLOSED,420.73,,,Backtest replay,2026-06-26T23:26:15.833969+00:00,2026-08-04T00:43:12.415465+00:00,00000000-0000-0000-0000-000000000001
d0942115-a823-49a2-bdcb-a72df2d19670,system,paper,paper,ETH/USD,SHORT,4146.930000,4110.906733,4408.940422,,0.000000,2025-10-13T04:00:00+00:00,2025-10-13T14:00:00+00:00,0.14,WIN,,CLOSED,202.19,,,Backtest replay,2026-06-26T23:26:15.833969+00:00,2026-08-04T00:43:12.415465+00:00,00000000-0000-0000-0000-000000000001
0633e506-559c-47df-83ba-f143678cfe6d,system,paper,paper,ETH/USD,SHORT,4131.170000,3966.102176,4305.539294,,0.000000,2025-10-15T11:00:00+00:00,2025-10-15T21:00:00+00:00,0.95,WIN,,CLOSED,1395.98,,,Backtest replay,2026-06-26T23:26:15.833969+00:00,2026-08-04T00:43:12.415465+00:00,00000000-0000-0000-0000-000000000001
f79cb3ec-d931-4208-b420-e347e61b7771,system,paper,paper,ETH/USD,SHORT,3876.630000,3941.560441,3934.590082,,0.000000,2025-10-19T01:00:00+00:00,2025-10-19T08:00:00+00:00,-1.12,LOSS,,CLOSED,-1683.27,,,Backtest replay,2026-06-26T23:26:15.833969+00:00,2026-08-04T00:43:12.415465+00:00,00000000-0000-0000-0000-000000000001
e55e5e71-8aaa-4e2c-a8d6-a36fd76e229a,system,paper,paper,BTC/USD,SHORT,106988.810000,107844.648911,107688.283402,,0.000000,2025-10-19T01:00:00+00:00,2025-10-19T09:00:00+00:00,-1.22,LOSS,,CLOSED,-1797.27,,,Backtest replay,2026-06-26T23:26:15.833969+00:00,2026-08-04T00:43:12.415465+00:00,00000000-0000-0000-0000-000000000001
502547b3-8a62-44f0-8cb9-d77a3abca0c3,system,paper,paper,BTC/USD,SHORT,111479.990000,111611.575489,112203.727523,,0.000000,2025-10-25T16:00:00+00:00,2025-10-26T02:00:00+00:00,-0.18,LOSS,,CLOSED,-260.53,,,Backtest replay,2026-06-26T23:26:15.833969+00:00,2026-08-04T00:43:12.415465+00:00,00000000-0000-0000-0000-000000000001
e3cb3053-8fe0-46e3-9fce-efb5c591e388,system,paper,paper,ETH/USD,SHORT,3939.020000,3980.149936,3974.022992,,0.000000,2025-10-26T04:00:00+00:00,2025-10-26T09:00:00+00:00,-1.18,LOSS,,CLOSED,-1677.66,,,Backtest replay,2026-06-26T23:26:15.833969+00:00,2026-08-04T00:43:12.415465+00:00,00000000-0000-0000-0000-000000000001
d1bd2c40-c231-40ec-ad63-1629f99e69a2,system,paper,paper,ETH/USD,SHORT,4009.600000,3948.102076,4048.157193,,0.000000,2025-10-29T18:00:00+00:00,2025-10-29T19:00:00+00:00,1.59,WIN,,CLOSED,2223.71,,,Backtest replay,2026-06-26T23:26:15.833969+00:00,2026-08-04T00:43:12.415465+00:00,00000000-0000-0000-0000-000000000001
1a834e15-31ef-4d8a-8176-2675613742fe,system,paper,paper,BTC/USD,SHORT,109417.910000,110347.008047,111370.823865,,0.000000,2025-11-01T01:00:00+00:00,2025-11-01T11:00:00+00:00,-0.48,LOSS,,CLOSED,-684.44,,,Backtest replay,2026-06-26T23:26:15.833969+00:00,2026-08-04T00:43:12.415465+00:00,00000000-0000-0000-0000-000000000001
31efe0e7-d3e4-4e8c-b210-4411b4a7cfd4,system,paper,paper,ETH/USD,SHORT,3880.720000,3919.359740,4042.291904,,0.000000,2025-11-01T18:00:00+00:00,2025-11-02T04:00:00+00:00,-0.24,LOSS,,CLOSED,-340.78,,,Backtest replay,2026-06-26T23:26:15.833969+00:00,2026-08-04T00:43:12.415465+00:00,00000000-0000-0000-0000-000000000001
616044db-a30f-460b-91a4-bf86c803fcf9,system,paper,paper,ETH/USD,SHORT,3875.880000,3867.262954,4041.677439,,0.000000,2025-11-02T09:00:00+00:00,2025-11-02T19:00:00+00:00,0.05,WIN,,CLOSED,73.71,,,Backtest replay,2026-06-26T23:26:15.833969+00:00,2026-08-04T00:43:12.415465+00:00,00000000-0000-0000-0000-000000000001
8220b8fd-c5dd-4e6d-b93e-1dec7af07094,system,paper,paper,ETH/USD,SHORT,3402.280000,3284.232420,3491.272100,,0.000000,2025-11-06T06:00:00+00:00,2025-11-06T16:00:00+00:00,1.33,WIN,,CLOSED,1883.14,,,Backtest replay,2026-06-26T23:26:15.833969+00:00,2026-08-04T00:43:12.415465+00:00,00000000-0000-0000-0000-000000000001
a4daac45-c7fc-4285-8576-74dfd62961b2,system,paper,paper,ETH/USD,SHORT,3310.330000,3388.987656,3382.142750,,0.000000,2025-11-07T15:00:00+00:00,2025-11-07T17:00:00+00:00,-1.10,LOSS,,CLOSED,-1596.20,,,Backtest replay,2026-06-26T23:26:15.833969+00:00,2026-08-04T00:43:12.415465+00:00,00000000-0000-0000-0000-000000000001
60bd12b8-16f9-4295-b19b-1677db619bcc,system,paper,paper,BTC/USD,SHORT,101512.510000,102921.489028,102750.167708,,0.000000,2025-11-07T16:00:00+00:00,2025-11-07T18:00:00+00:00,-1.14,LOSS,,CLOSED,-1622.68,,,Backtest replay,2026-06-26T23:26:15.833969+00:00,2026-08-04T00:43:12.415465+00:00,00000000-0000-0000-0000-000000000001
55f97557-9cf7-438d-ae1d-88d1a183f99b,system,paper,paper,ETH/USD,SHORT,3516.590000,3319.902867,3599.103577,,0.000000,2025-11-13T10:00:00+00:00,2025-11-14T14:00:00+00:00,2.38,WIN,,CLOSED,3320.29,,,Backtest replay,2026-06-26T23:26:15.833969+00:00,2026-08-04T00:43:12.415465+00:00,00000000-0000-0000-0000-000000000001
d7905637-bbdc-45f1-a085-f2df169909ed,system,paper,paper,ETH/USD,SHORT,3200.680000,3207.646096,3265.562008,,0.000000,2025-11-15T20:00:00+00:00,2025-11-16T06:00:00+00:00,-0.11,LOSS,,CLOSED,-156.68,,,Backtest replay,2026-06-26T23:26:15.833969+00:00,2026-08-04T00:43:12.415465+00:00,00000000-0000-0000-0000-000000000001
4f527f44-604c-4faf-827e-ecff26fe81fb,system,paper,paper,BTC/USD,SHORT,95672.000000,96268.421320,97012.622993,,0.000000,2025-11-15T21:00:00+00:00,2025-11-16T07:00:00+00:00,-0.44,LOSS,,CLOSED,-647.84,,,Backtest replay,2026-06-26T23:26:15.833969+00:00,2026-08-04T00:43:12.415465+00:00,00000000-0000-0000-0000-000000000001
557259f6-f1b9-47ea-89f8-525d9fca8d45,system,paper,paper,BTC/USD,SHORT,95900.000000,94313.382011,96982.536115,,0.000000,2025-11-16T12:00:00+00:00,2025-11-17T00:00:00+00:00,1.47,WIN,,CLOSED,2115.28,,,Backtest replay,2026-06-26T23:26:15.833969+00:00,2026-08-04T00:43:12.415465+00:00,00000000-0000-0000-0000-000000000001
45ea1792-17a0-401f-b7cd-da436ea57e56,system,paper,paper,ETH/USD,SHORT,3188.960000,3062.882809,3259.077414,,0.000000,2025-11-17T13:00:00+00:00,2025-11-18T10:00:00+00:00,1.80,WIN,,CLOSED,2671.13,,,Backtest replay,2026-06-26T23:26:15.833969+00:00,2026-08-04T00:43:12.415465+00:00,00000000-0000-0000-0000-000000000001
5bc06628-fb94-4247-9ef3-eddc3d97d1b7,system,paper,paper,ETH/USD,SHORT,3131.180000,3092.852565,3234.558721,,0.000000,2025-11-18T21:00:00+00:00,2025-11-19T07:00:00+00:00,0.37,WIN,,CLOSED,570.57,,,Backtest replay,2026-06-26T23:26:15.833969+00:00,2026-08-04T00:43:12.415465+00:00,00000000-0000-0000-0000-000000000001
2fc52a18-3458-4175-8b88-932e12fbd5c1,system,paper,paper,BTC/USD,SHORT,92644.490000,91947.230711,94045.923074,,0.000000,2025-11-19T02:00:00+00:00,2025-11-19T12:00:00+00:00,0.50,WIN,,CLOSED,771.36,,,Backtest replay,2026-06-26T23:26:15.833969+00:00,2026-08-04T00:43:12.415465+00:00,00000000-0000-0000-0000-000000000001
0d8be921-6abd-4043-89a7-1dbe671aeeb4,system,paper,paper,ETH/USD,SHORT,3076.830000,2930.685160,3180.404110,,0.000000,2025-11-19T07:00:00+00:00,2025-11-19T17:00:00+00:00,1.41,WIN,,CLOSED,2209.37,,,Backtest replay,2026-06-26T23:26:15.833969+00:00,2026-08-04T00:43:12.415465+00:00,00000000-0000-0000-0000-000000000001
3cbbab47-e865-40ce-adb1-c13dc15ab65f,system,paper,paper,BTC/USD,SHORT,92445.800000,88182.803391,94050.704938,,0.000000,2025-11-20T07:00:00+00:00,2025-11-21T07:00:00+00:00,2.66,WIN,,CLOSED,4276.50,,,Backtest replay,2026-06-26T23:26:15.833969+00:00,2026-08-04T00:43:12.415465+00:00,00000000-0000-0000-0000-000000000001
3a3b3f15-271d-4d2f-99d4-b582dff99dda,system,paper,paper,ETH/USD,SHORT,2757.730000,2725.267377,2819.432529,,0.000000,2025-11-22T03:00:00+00:00,2025-11-22T13:00:00+00:00,0.53,WIN,,CLOSED,892.04,,,Backtest replay,2026-06-26T23:26:15.833969+00:00,2026-08-04T00:43:12.415465+00:00,00000000-0000-0000-0000-000000000001
c0b7d7e5-ec20-417b-9928-ca2d59eba574,system,paper,paper,BTC/USD,SHORT,84343.910000,84573.157716,85860.035595,,0.000000,2025-11-22T11:00:00+00:00,2025-11-22T21:00:00+00:00,-0.15,LOSS,,CLOSED,-259.07,,,Backtest replay,2026-06-26T23:26:15.833969+00:00,2026-08-04T00:43:12.415465+00:00,00000000-0000-0000-0000-000000000001
1d99a443-c79f-4df5-a288-f26ebd497b22,system,paper,paper,BTC/USD,SHORT,90719.160000,91382.287182,91252.106336,,0.000000,2025-11-30T02:00:00+00:00,2025-11-30T08:00:00+00:00,-1.24,LOSS,,CLOSED,-2125.43,,,Backtest replay,2026-06-26T23:26:15.833969+00:00,2026-08-04T00:43:12.415465+00:00,00000000-0000-0000-0000-000000000001
8c87fcbe-0e0d-45e0-b75b-bc12bf80f94b,system,paper,paper,BTC/USD,SHORT,91631.490000,92346.782770,92213.542867,,0.000000,2025-12-02T21:00:00+00:00,2025-12-03T01:00:00+00:00,-1.23,LOSS,,CLOSED,-2046.97,,,Backtest replay,2026-06-26T23:26:15.833969+00:00,2026-08-04T00:43:12.415465+00:00,00000000-0000-0000-0000-000000000001
10b37b81-4fac-4c73-bc82-08e6ed33edae,system,paper,paper,ETH/USD,SHORT,2998.000000,3067.464800,3061.333846,,0.000000,2025-12-02T21:00:00+00:00,2025-12-03T05:00:00+00:00,-1.10,LOSS,,CLOSED,-1782.01,,,Backtest replay,2026-06-26T23:26:15.833969+00:00,2026-08-04T00:43:12.415465+00:00,00000000-0000-0000-0000-000000000001
c71a7b7b-4799-4349-bb9a-4555e31fdbc0,system,paper,paper,BTC/USD,SHORT,89329.380000,89298.680840,90387.019600,,0.000000,2025-12-07T01:00:00+00:00,2025-12-07T11:00:00+00:00,0.03,WIN,,CLOSED,46.13,,,Backtest replay,2026-06-26T23:26:15.833969+00:00,2026-08-04T00:43:12.415465+00:00,00000000-0000-0000-0000-000000000001
c3bff0b9-08a0-4cfa-8bb6-b8589acd334f,system,paper,paper,ETH/USD,SHORT,3115.000000,3080.856412,3139.704795,,0.000000,2025-12-14T05:00:00+00:00,2025-12-14T12:00:00+00:00,1.38,WIN,,CLOSED,2197.50,,,Backtest replay,2026-06-26T23:26:15.833969+00:00,2026-08-04T00:43:12.415465+00:00,00000000-0000-0000-0000-000000000001
2430c9b5-8fcb-4fe4-a8d1-2a4fb78788ad,system,paper,paper,BTC/USD,SHORT,86756.740000,88493.260585,88326.367401,,0.000000,2025-12-17T05:00:00+00:00,2025-12-17T14:00:00+00:00,-1.11,LOSS,,CLOSED,-1807.70,,,Backtest replay,2026-06-26T23:26:15.833969+00:00,2026-08-04T00:43:12.415465+00:00,00000000-0000-0000-0000-000000000001
75413bf2-6a32-4543-add2-2dc58d12cdc1,system,paper,paper,ETH/USD,SHORT,2937.650000,2994.972537,2989.378228,,0.000000,2025-12-17T05:00:00+00:00,2025-12-17T14:00:00+00:00,-1.11,LOSS,,CLOSED,-1770.61,,,Backtest replay,2026-06-26T23:26:15.833969+00:00,2026-08-04T00:43:12.415465+00:00,00000000-0000-0000-0000-000000000001
36feb4a5-88ec-42ae-b9c8-8aad3d75bf12,system,paper,paper,BTC/USD,SHORT,87466.090000,88489.025664,89683.498906,,0.000000,2025-12-19T18:00:00+00:00,2025-12-20T04:00:00+00:00,-0.46,LOSS,,CLOSED,-720.77,,,Backtest replay,2026-06-26T23:26:15.833969+00:00,2026-08-04T00:43:12.415465+00:00,00000000-0000-0000-0000-000000000001
12e8863e-e8bd-4e5d-b9e8-24d38146febd,system,paper,paper,ETH/USD,SHORT,2981.340000,2985.072665,3024.716437,,0.000000,2025-12-20T14:00:00+00:00,2025-12-21T00:00:00+00:00,-0.09,LOSS,,CLOSED,-133.21,,,Backtest replay,2026-06-26T23:26:15.833969+00:00,2026-08-04T00:43:12.415465+00:00,00000000-0000-0000-0000-000000000001
197e7625-7534-421d-ba1f-04ab2d5956e1,system,paper,paper,BTC/USD,SHORT,88149.990000,88622.860326,88502.961479,,0.000000,2025-12-21T07:00:00+00:00,2025-12-21T08:00:00+00:00,-1.34,LOSS,,CLOSED,-2070.24,,,Backtest replay,2026-06-26T23:26:15.833969+00:00,2026-08-04T00:43:12.415465+00:00,00000000-0000-0000-0000-000000000001
a719a999-ca32-49ed-989f-da19759645e3,system,paper,paper,BTC/USD,SHORT,87603.780000,88254.848374,88128.725998,,0.000000,2025-12-25T09:00:00+00:00,2025-12-25T15:00:00+00:00,-1.24,LOSS,,CLOSED,-1865.24,,,Backtest replay,2026-06-26T23:26:15.833969+00:00,2026-08-04T00:43:12.415465+00:00,00000000-0000-0000-0000-000000000001
ce93db1e-4d6b-4ba0-baf1-1a2e917beb6b,system,paper,paper,ETH/USD,SHORT,2931.330000,2971.644238,2966.711386,,0.000000,2025-12-25T09:00:00+00:00,2025-12-25T15:00:00+00:00,-1.14,LOSS,,CLOSED,-1671.08,,,Backtest replay,2026-06-26T23:26:15.833969+00:00,2026-08-04T00:43:12.415465+00:00,00000000-0000-0000-0000-000000000001
32fa10e0-f524-4b35-abe8-1f33388c9532,system,paper,paper,BTC/USD,SHORT,88493.620000,89138.573610,89506.151662,,0.000000,2025-12-31T03:00:00+00:00,2025-12-31T13:00:00+00:00,-0.64,LOSS,,CLOSED,-912.90,,,Backtest replay,2026-06-26T23:26:15.833969+00:00,2026-08-04T00:43:12.415465+00:00,00000000-0000-0000-0000-000000000001
ae7649e8-b4e0-4801-9f21-557b0a8a8c90,system,paper,paper,BTC/USD,SHORT,90481.200000,91909.986137,91750.631439,,0.000000,2026-01-09T11:00:00+00:00,2026-01-09T15:00:00+00:00,-1.13,LOSS,,CLOSED,-1592.55,,,Backtest replay,2026-06-26T23:26:15.833969+00:00,2026-08-04T00:43:12.415465+00:00,00000000-0000-0000-0000-000000000001
987b01dd-3dc5-4ca3-8722-fdb16f77113b,system,paper,paper,ETH/USD,SHORT,3115.370000,3095.449090,3155.386151,,0.000000,2026-01-09T15:00:00+00:00,2026-01-10T01:00:00+00:00,0.50,WIN,,CLOSED,688.53,,,Backtest replay,2026-06-26T23:26:15.833969+00:00,2026-08-04T00:43:12.415465+00:00,00000000-0000-0000-0000-000000000001
2645c9ef-2840-4ad3-9409-55878ca93fa4,system,paper,paper,BTC/USD,LONG,96750.000000,95483.079805,95643.442120,,0.000000,2026-01-15T13:00:00+00:00,2026-01-15T14:00:00+00:00,-1.14,LOSS,,CLOSED,-1599.28,,,Backtest replay,2026-06-26T23:26:15.833969+00:00,2026-08-04T00:43:12.415465+00:00,00000000-0000-0000-0000-000000000001
deef4031-9a9d-46a5-8bf5-327166efb74c,system,paper,paper,ETH/USD,SHORT,3312.840000,3337.849969,3333.065539,,0.000000,2026-01-18T04:00:00+00:00,2026-01-18T14:00:00+00:00,-1.24,LOSS,,CLOSED,-1687.73,,,Backtest replay,2026-06-26T23:26:15.833969+00:00,2026-08-04T00:43:12.415465+00:00,00000000-0000-0000-0000-000000000001
29cac5bd-2682-4313-b3d9-e3341597abe1,system,paper,paper,ETH/USD,SHORT,2951.420000,2996.836831,2991.684546,,0.000000,2026-01-23T15:00:00+00:00,2026-01-23T17:00:00+00:00,-1.13,LOSS,,CLOSED,-1501.44,,,Backtest replay,2026-06-26T23:26:15.833969+00:00,2026-08-04T00:43:12.415465+00:00,00000000-0000-0000-0000-000000000001
9cbb1048-0564-457f-950e-260d9ee7d642,system,paper,paper,BTC/USD,LONG,89670.880000,89212.078670,88457.473161,,0.000000,2026-01-24T03:00:00+00:00,2026-01-24T13:00:00+00:00,-0.38,LOSS,,CLOSED,-491.95,,,Backtest replay,2026-06-26T23:26:15.833969+00:00,2026-08-04T00:43:12.415465+00:00,00000000-0000-0000-0000-000000000001
45fdea40-cdb9-409f-8177-839f884fda85,system,paper,paper,ETH/USD,SHORT,2923.410000,2979.429342,2973.901587,,0.000000,2026-01-27T09:00:00+00:00,2026-01-27T16:00:00+00:00,-1.11,LOSS,,CLOSED,-1432.60,,,Backtest replay,2026-06-26T23:26:15.833969+00:00,2026-08-04T00:43:12.415465+00:00,00000000-0000-0000-0000-000000000001
e36a150f-85e5-4fee-8158-bcee178f8816,system,paper,paper,BTC/USD,SHORT,83805.020000,82106.401416,84768.756044,,0.000000,2026-01-31T07:00:00+00:00,2026-01-31T16:00:00+00:00,1.76,WIN,,CLOSED,2225.36,,,Backtest replay,2026-06-26T23:26:15.833969+00:00,2026-08-04T00:43:12.415465+00:00,00000000-0000-0000-0000-000000000001
b5d614a5-e524-4166-8bc8-430fbb643322,system,paper,paper,ETH/USD,SHORT,2328.490000,2246.512876,2406.457198,,0.000000,2026-02-03T06:00:00+00:00,2026-02-03T16:00:00+00:00,1.05,WIN,,CLOSED,1374.32,,,Backtest replay,2026-06-26T23:26:15.833969+00:00,2026-08-04T00:43:12.415465+00:00,00000000-0000-0000-0000-000000000001
0d2f20c4-adbb-48bb-a77e-0aefb9ab87b1,system,paper,paper,ETH/USD,SHORT,2248.620000,2142.015111,2355.289179,,0.000000,2026-02-04T06:00:00+00:00,2026-02-04T16:00:00+00:00,1.00,WIN,,CLOSED,1333.78,,,Backtest replay,2026-06-26T23:26:15.833969+00:00,2026-08-04T00:43:12.415465+00:00,00000000-0000-0000-0000-000000000001
948bcc3a-21f4-4137-ac88-dcffe10598de,system,paper,paper,BTC/USD,SHORT,75769.230000,70544.134473,77180.872459,,0.000000,2026-02-04T14:00:00+00:00,2026-02-06T01:00:00+00:00,3.70,WIN,,CLOSED,5038.60,,,Backtest replay,2026-06-26T23:26:15.833969+00:00,2026-08-04T00:43:12.415465+00:00,00000000-0000-0000-0000-000000000001
c245311f-58a6-4f26-84b8-b9c3bd84c014,system,paper,paper,BTC/USD,SHORT,70310.000000,69320.372958,77281.023953,,0.000000,2026-02-07T06:00:00+00:00,2026-02-07T16:00:00+00:00,0.14,WIN,,CLOSED,207.55,,,Backtest replay,2026-06-26T23:26:15.833969+00:00,2026-08-04T00:43:12.415465+00:00,00000000-0000-0000-0000-000000000001
c79ba282-29ef-4f30-b025-1b35ac8121ef,system,paper,paper,ETH/USD,SHORT,2055.700000,2075.580608,2354.544209,,0.000000,2026-02-07T07:00:00+00:00,2026-02-07T17:00:00+00:00,-0.07,LOSS,,CLOSED,-97.54,,,Backtest replay,2026-06-26T23:26:15.833969+00:00,2026-08-04T00:43:12.415465+00:00,00000000-0000-0000-0000-000000000001
1380d411-9c85-4cd4-bb87-87f8bf5ff41d,system,paper,paper,BTC/USD,SHORT,70116.000000,71134.738803,72455.740076,,0.000000,2026-02-09T09:00:00+00:00,2026-02-09T19:00:00+00:00,-0.44,LOSS,,CLOSED,-637.54,,,Backtest replay,2026-06-26T23:26:15.833969+00:00,2026-08-04T00:43:12.415465+00:00,00000000-0000-0000-0000-000000000001
a5073d65-2aa7-4d97-9e0f-c4b214401406,system,paper,paper,ETH/USD,SHORT,1950.160000,1965.564558,2007.019161,,0.000000,2026-02-13T02:00:00+00:00,2026-02-13T12:00:00+00:00,-0.27,LOSS,,CLOSED,-393.24,,,Backtest replay,2026-06-26T23:26:15.833969+00:00,2026-08-04T00:43:12.415465+00:00,00000000-0000-0000-0000-000000000001
1f717d23-ca21-4c2a-80bb-7311a470328b,system,paper,paper,BTC/USD,SHORT,68718.300000,67998.745050,70260.377242,,0.000000,2026-02-17T01:00:00+00:00,2026-02-17T11:00:00+00:00,0.47,WIN,,CLOSED,673.61,,,Backtest replay,2026-06-26T23:26:15.833969+00:00,2026-08-04T00:43:12.415465+00:00,00000000-0000-0000-0000-000000000001
7cb267bd-2d2d-4f8f-a18a-7cc22919e1ee,system,paper,paper,BTC/USD,SHORT,66680.700000,67565.412381,67454.445713,,0.000000,2026-02-19T17:00:00+00:00,2026-02-20T00:00:00+00:00,-1.14,LOSS,,CLOSED,-1666.05,,,Backtest replay,2026-06-26T23:26:15.833969+00:00,2026-08-04T00:43:12.415465+00:00,00000000-0000-0000-0000-000000000001
7f4a617b-1b54-4e8f-95ee-fd61036fbe1a,system,paper,paper,ETH/USD,SHORT,1957.580000,1978.093176,1991.682001,,0.000000,2026-02-20T11:00:00+00:00,2026-02-20T21:00:00+00:00,-0.60,LOSS,,CLOSED,-856.43,,,Backtest replay,2026-06-26T23:26:15.833969+00:00,2026-08-04T00:43:12.415465+00:00,00000000-0000-0000-0000-000000000001
7cb98995-cf43-4705-9c1e-220a7d17b6d5,system,paper,paper,ETH/USD,SHORT,1963.290000,1987.941244,1984.727784,,0.000000,2026-02-21T04:00:00+00:00,2026-02-21T11:00:00+00:00,-1.15,LOSS,,CLOSED,-1617.49,,,Backtest replay,2026-06-26T23:26:15.833969+00:00,2026-08-04T00:43:12.415465+00:00,00000000-0000-0000-0000-000000000001
a19a746b-54d1-47a8-8238-027b911b2f80,system,paper,paper,ETH/USD,SHORT,1914.350000,1944.200498,1940.843537,,0.000000,2026-02-25T04:00:00+00:00,2026-02-25T12:00:00+00:00,-1.13,LOSS,,CLOSED,-1548.42,,,Backtest replay,2026-06-26T23:26:15.833969+00:00,2026-08-04T00:43:12.415465+00:00,00000000-0000-0000-0000-000000000001
f6cd2007-81ea-4d06-9b4e-6c360a8d025f,system,paper,paper,BTC/USD,SHORT,65650.000000,67161.982828,68400.070695,,0.000000,2026-02-25T04:00:00+00:00,2026-02-25T14:00:00+00:00,-0.55,LOSS,,CLOSED,-738.55,,,Backtest replay,2026-06-26T23:26:15.833969+00:00,2026-08-04T00:43:12.415465+00:00,00000000-0000-0000-0000-000000000001
464bf019-a95c-466e-8be8-54685486478a,system,paper,paper,BTC/USD,SHORT,66219.770000,66985.599798,68372.421853,,0.000000,2026-03-01T17:00:00+00:00,2026-03-02T03:00:00+00:00,-0.36,LOSS,,CLOSED,-472.65,,,Backtest replay,2026-06-26T23:26:15.833969+00:00,2026-08-04T00:43:12.415465+00:00,00000000-0000-0000-0000-000000000001
f7edf81f-8083-40e4-bfeb-1a102b1fe134,system,paper,paper,ETH/USD,SHORT,1975.920000,1978.108192,2061.847207,,0.000000,2026-03-01T17:00:00+00:00,2026-03-02T03:00:00+00:00,-0.03,LOSS,,CLOSED,-33.59,,,Backtest replay,2026-06-26T23:26:15.833969+00:00,2026-08-04T00:43:12.415465+00:00,00000000-0000-0000-0000-000000000001
fa773e85-7903-47b6-b896-992e3a954f0d,system,paper,paper,BTC/USD,SHORT,66209.460000,68545.176922,68378.946125,,0.000000,2026-03-02T07:00:00+00:00,2026-03-02T15:00:00+00:00,-1.08,LOSS,,CLOSED,-1419.44,,,Backtest replay,2026-06-26T23:26:15.833969+00:00,2026-08-04T00:43:12.415465+00:00,00000000-0000-0000-0000-000000000001
8d0cc7af-6a9a-43ea-929b-3c3e9675498c,system,paper,paper,BTC/USD,SHORT,70670.430000,70845.660082,71508.569157,,0.000000,2026-03-20T21:00:00+00:00,2026-03-21T07:00:00+00:00,-0.21,LOSS,,CLOSED,-269.71,,,Backtest replay,2026-06-26T23:26:15.833969+00:00,2026-08-04T00:43:12.415465+00:00,00000000-0000-0000-0000-000000000001
d77d987d-819c-4463-bc25-ae1e83858e38,system,paper,paper,BTC/USD,SHORT,70426.180000,68814.315092,71446.865545,,0.000000,2026-03-21T17:00:00+00:00,2026-03-22T02:00:00+00:00,1.58,WIN,,CLOSED,2101.74,,,Backtest replay,2026-06-26T23:26:15.833969+00:00,2026-08-04T00:43:12.415465+00:00,00000000-0000-0000-0000-000000000001
79b7cf6a-baf3-4190-97a9-cd84008889f5,system,paper,paper,ETH/USD,SHORT,2149.930000,2094.901757,2180.497929,,0.000000,2026-03-21T23:00:00+00:00,2026-03-22T00:00:00+00:00,1.80,WIN,,CLOSED,2312.60,,,Backtest replay,2026-06-26T23:26:15.833969+00:00,2026-08-04T00:43:12.415465+00:00,00000000-0000-0000-0000-000000000001
0e0a1967-ed65-4d9c-892c-762336b455c0,system,paper,paper,BTC/USD,SHORT,66500.000000,66930.651630,67364.290759,,0.000000,2026-03-29T01:00:00+00:00,2026-03-29T11:00:00+00:00,-0.50,LOSS,,CLOSED,-684.09,,,Backtest replay,2026-06-26T23:26:15.833969+00:00,2026-08-04T00:43:12.415465+00:00,00000000-0000-0000-0000-000000000001
b43577ee-bacf-4f90-ba7d-03c8929e708e,system,paper,paper,ETH/USD,SHORT,2013.140000,1991.000465,2050.507431,,0.000000,2026-03-29T03:00:00+00:00,2026-03-29T13:00:00+00:00,0.59,WIN,,CLOSED,805.33,,,Backtest replay,2026-06-26T23:26:15.833969+00:00,2026-08-04T00:43:12.415465+00:00,00000000-0000-0000-0000-000000000001
905c7ea7-2213-45a6-ba37-bd1fef0449ee,system,paper,paper,BTC/USD,SHORT,67307.280000,67126.466805,67476.494263,,0.000000,2026-04-05T00:00:00+00:00,2026-04-05T10:00:00+00:00,1.07,WIN,,CLOSED,1469.63,,,Backtest replay,2026-06-26T23:26:15.833969+00:00,2026-08-04T00:43:12.415465+00:00,00000000-0000-0000-0000-000000000001
3d979d84-25a3-472b-9c89-2c325b93ccf0,system,paper,paper,ETH/USD,SHORT,2065.630000,2039.310848,2083.703717,,0.000000,2026-04-05T00:00:00+00:00,2026-04-05T10:00:00+00:00,1.46,WIN,,CLOSED,2045.60,,,Backtest replay,2026-06-26T23:26:15.833969+00:00,2026-08-04T00:43:12.415465+00:00,00000000-0000-0000-0000-000000000001
e483630c-27cd-4785-b638-da8c2e1fcdbe,system,paper,paper,ETH/USD,SHORT,2199.360000,2225.146465,2221.616955,,0.000000,2026-04-13T06:00:00+00:00,2026-04-13T14:00:00+00:00,-1.16,LOSS,,CLOSED,-1674.91,,,Backtest replay,2026-06-26T23:26:15.833969+00:00,2026-08-04T00:43:12.415465+00:00,00000000-0000-0000-0000-000000000001
4758b015-5cf4-4de5-9c59-a2d38c38e866,system,paper,paper,BTC/USD,LONG,75432.070000,73868.653374,73227.866457,,0.000000,2026-04-19T12:00:00+00:00,2026-04-19T22:00:00+00:00,-0.71,LOSS,,CLOSED,-1001.63,,,Backtest replay,2026-06-26T23:26:15.833969+00:00,2026-08-04T00:43:12.415465+00:00,00000000-0000-0000-0000-000000000001
53072443-eb4b-4c99-9067-6f0415e1ba42,system,paper,paper,BTC/USD,LONG,74214.670000,75062.998380,73198.319601,,0.000000,2026-04-20T01:00:00+00:00,2026-04-20T11:00:00+00:00,0.83,WIN,,CLOSED,1161.98,,,Backtest replay,2026-06-26T23:26:15.833969+00:00,2026-08-04T00:43:12.415465+00:00,00000000-0000-0000-0000-000000000001
cf0e8e44-ab87-42f6-a4d2-76cd7e5f1438,system,paper,paper,BTC/USD,LONG,75898.140000,76563.505388,73602.468903,,0.000000,2026-04-21T00:00:00+00:00,2026-04-21T10:00:00+00:00,0.29,WIN,,CLOSED,410.22,,,Backtest replay,2026-06-26T23:26:15.833969+00:00,2026-08-04T00:43:12.415465+00:00,00000000-0000-0000-0000-000000000001
3ef58e1c-1070-4f0a-8b85-9c5a1e74210f,system,paper,paper,ETH/USD,LONG,2320.810000,2327.544906,2279.806958,,0.000000,2026-04-23T12:00:00+00:00,2026-04-23T22:00:00+00:00,0.16,WIN,,CLOSED,233.83,,,Backtest replay,2026-06-26T23:26:15.833969+00:00,2026-08-04T00:43:12.415465+00:00,00000000-0000-0000-0000-000000000001
7db7d86c-9aca-432e-a92f-c2bf4eb14089,system,paper,paper,ETH/USD,LONG,2320.730000,2323.686027,2280.002567,,0.000000,2026-04-24T01:00:00+00:00,2026-04-24T11:00:00+00:00,0.07,WIN,,CLOSED,103.66,,,Backtest replay,2026-06-26T23:26:15.833969+00:00,2026-08-04T00:43:12.415465+00:00,00000000-0000-0000-0000-000000000001
87d3cc45-dea7-469c-a568-71d3580f1726,system,paper,paper,BTC/USD,LONG,77587.100000,77090.454873,77199.080185,,0.000000,2026-04-25T09:00:00+00:00,2026-04-25T16:00:00+00:00,-1.28,LOSS,,CLOSED,-1830.73,,,Backtest replay,2026-06-26T23:26:15.833969+00:00,2026-08-04T00:43:12.415465+00:00,00000000-0000-0000-0000-000000000001
66586109-471e-42eb-86c7-cc0c54823f69,system,paper,paper,ETH/USD,LONG,2307.650000,2326.983042,2276.955552,,0.000000,2026-05-03T08:00:00+00:00,2026-05-03T18:00:00+00:00,0.63,WIN,,CLOSED,877.83,,,Backtest replay,2026-06-26T23:26:15.833969+00:00,2026-08-04T00:43:12.415465+00:00,00000000-0000-0000-0000-000000000001
3713c3b6-f7d0-48c3-a030-2382b970c387,system,paper,paper,BTC/USD,LONG,79320.280000,80201.127963,77928.087475,,0.000000,2026-05-04T15:00:00+00:00,2026-05-05T01:00:00+00:00,0.63,WIN,,CLOSED,892.91,,,Backtest replay,2026-06-26T23:26:15.833969+00:00,2026-08-04T00:43:12.415465+00:00,00000000-0000-0000-0000-000000000001
18f3cede-56b6-40e5-a9f3-1e217ecef88e,system,paper,paper,ETH/USD,LONG,2368.570000,2346.372782,2349.959486,,0.000000,2026-05-06T13:00:00+00:00,2026-05-06T14:00:00+00:00,-1.19,LOSS,,CLOSED,-1704.54,,,Backtest replay,2026-06-26T23:26:15.833969+00:00,2026-08-04T00:43:12.415465+00:00,00000000-0000-0000-0000-000000000001
8e71d674-7aa3-4cfd-9fda-0afe7442f93a,system,paper,paper,BTC/USD,LONG,81390.300000,80504.581664,80632.559639,,0.000000,2026-05-07T07:00:00+00:00,2026-05-07T10:00:00+00:00,-1.17,LOSS,,CLOSED,-1630.64,,,Backtest replay,2026-06-26T23:26:15.833969+00:00,2026-08-04T00:43:12.415465+00:00,00000000-0000-0000-0000-000000000001
df29a017-666d-4f81-93d6-f24c1f14c6ac,system,paper,paper,BTC/USD,LONG,80940.000000,81693.765350,80186.833748,,0.000000,2026-05-11T10:00:00+00:00,2026-05-11T20:00:00+00:00,1.00,WIN,,CLOSED,1363.50,,,Backtest replay,2026-06-26T23:26:15.833969+00:00,2026-08-04T00:43:12.415465+00:00,00000000-0000-0000-0000-000000000001
da653e29-317e-49fa-835d-1ac6a03695a3,system,paper,paper,ETH/USD,SHORT,2130.900000,2118.291933,2162.021325,,0.000000,2026-05-18T23:00:00+00:00,2026-05-19T09:00:00+00:00,0.41,WIN,,CLOSED,563.00,,,Backtest replay,2026-06-26T23:26:15.833969+00:00,2026-08-04T00:43:12.415465+00:00,00000000-0000-0000-0000-000000000001
2146734d-254b-45d3-9e1b-7cc9d9e9330a,system,paper,paper,ETH/USD,SHORT,2134.500000,2116.783227,2161.295680,,0.000000,2026-05-19T09:00:00+00:00,2026-05-19T19:00:00+00:00,0.66,WIN,,CLOSED,926.28,,,Backtest replay,2026-06-26T23:26:15.833969+00:00,2026-08-04T00:43:12.415465+00:00,00000000-0000-0000-0000-000000000001
3d07188a-3920-4e36-a3a6-28250d4e4a38,system,paper,paper,ETH/USD,SHORT,2138.610000,2126.437946,2149.974140,,0.000000,2026-05-21T06:00:00+00:00,2026-05-21T15:00:00+00:00,1.07,WIN,,CLOSED,1520.39,,,Backtest replay,2026-06-26T23:26:15.833969+00:00,2026-08-04T00:43:12.415465+00:00,00000000-0000-0000-0000-000000000001
305f6584-f56b-4250-9699-83b5da1b062d,system,paper,paper,ETH/USD,SHORT,2130.860000,2126.362586,2156.498850,,0.000000,2026-05-22T06:00:00+00:00,2026-05-22T16:00:00+00:00,0.18,WIN,,CLOSED,248.40,,,Backtest replay,2026-06-26T23:26:15.833969+00:00,2026-08-04T00:43:12.415465+00:00,00000000-0000-0000-0000-000000000001
f3461635-d224-465e-b3de-e708f2f9b29e,system,paper,paper,BTC/USD,LONG,77395.450000,76528.537232,76651.182473,,0.000000,2026-05-22T12:00:00+00:00,2026-05-22T15:00:00+00:00,-1.16,LOSS,,CLOSED,-1688.80,,,Backtest replay,2026-06-26T23:26:15.833969+00:00,2026-08-04T00:43:12.415465+00:00,00000000-0000-0000-0000-000000000001
64db5c9a-5956-453a-bebe-037c86fb39b1,system,paper,paper,ETH/USD,SHORT,2121.050000,2103.672324,2152.976592,,0.000000,2026-05-24T13:00:00+00:00,2026-05-24T23:00:00+00:00,0.54,WIN,,CLOSED,773.49,,,Backtest replay,2026-06-26T23:26:15.833969+00:00,2026-08-04T00:43:12.415465+00:00,00000000-0000-0000-0000-000000000001
5144c1de-0e7a-473a-a775-37635c1d9b0e,system,paper,paper,ETH/USD,SHORT,2100.000000,2121.689839,2153.495964,,0.000000,2026-05-25T00:00:00+00:00,2026-05-25T10:00:00+00:00,-0.41,LOSS,,CLOSED,-582.44,,,Backtest replay,2026-06-26T23:26:15.833969+00:00,2026-08-04T00:43:12.415465+00:00,00000000-0000-0000-0000-000000000001
3332723c-c237-4fa9-b5d2-99b15f516659,system,paper,paper,ETH/USD,SHORT,2113.040000,2131.698996,2153.123688,,0.000000,2026-05-26T00:00:00+00:00,2026-05-26T10:00:00+00:00,-0.47,LOSS,,CLOSED,-663.29,,,Backtest replay,2026-06-26T23:26:15.833969+00:00,2026-08-04T00:43:12.415465+00:00,00000000-0000-0000-0000-000000000001
d90398b4-eba1-4019-b78c-62ddce37bf4e,system,paper,paper,BTC/USD,LONG,77174.940000,76259.022292,76383.297904,,0.000000,2026-05-26T13:00:00+00:00,2026-05-26T15:00:00+00:00,-1.16,LOSS,,CLOSED,-1633.23,,,Backtest replay,2026-06-26T23:26:15.833969+00:00,2026-08-04T00:43:12.415465+00:00,00000000-0000-0000-0000-000000000001
606cd697-25ff-4228-8f73-85e4dc97c0b3,system,paper,paper,ETH/USD,SHORT,2011.960000,2036.567464,2033.299531,,0.000000,2026-05-29T07:00:00+00:00,2026-05-29T15:00:00+00:00,-1.15,LOSS,,CLOSED,-1590.13,,,Backtest replay,2026-06-26T23:26:15.833969+00:00,2026-08-04T00:43:12.415465+00:00,00000000-0000-0000-0000-000000000001
128493e8-cbf5-4b49-9e65-ec079dae73ec,system,paper,paper,BTC/USD,LONG,73820.910000,73922.860794,73152.057159,,0.000000,2026-05-30T14:00:00+00:00,2026-05-31T00:00:00+00:00,0.15,WIN,,CLOSED,205.34,,,Backtest replay,2026-06-26T23:26:15.833969+00:00,2026-08-04T00:43:12.415465+00:00,00000000-0000-0000-0000-000000000001
0e01e438-f6e6-45a9-bea0-cb95d94a9cb8,system,paper,paper,ETH/USD,SHORT,1988.880000,1944.086401,2013.053012,,0.000000,2026-06-02T07:00:00+00:00,2026-06-02T15:00:00+00:00,1.85,WIN,,CLOSED,2503.95,,,Backtest replay,2026-06-26T23:26:15.833969+00:00,2026-08-04T00:43:12.415465+00:00,00000000-0000-0000-0000-000000000001
a426c5a1-0ac5-435b-b977-ca9328395294,system,paper,paper,BTC/USD,SHORT,61907.640000,63515.084364,64627.269911,,0.000000,2026-06-07T13:00:00+00:00,2026-06-07T23:00:00+00:00,-0.59,LOSS,,CLOSED,-828.27,,,Backtest replay,2026-06-26T23:26:15.833969+00:00,2026-08-04T00:43:12.415465+00:00,00000000-0000-0000-0000-000000000001
959b3852-f63b-4176-9fd0-0fa790d35134,system,paper,paper,BTC/USD,SHORT,63969.590000,64758.526453,64654.371677,,0.000000,2026-06-21T21:00:00+00:00,2026-06-22T01:00:00+00:00,-1.15,LOSS,,CLOSED,-1595.40,,,Backtest replay,2026-06-26T23:26:15.833969+00:00,2026-08-04T00:43:12.415465+00:00,00000000-0000-0000-0000-000000000001
78ccd8fb-ad80-49ac-9561-5a9bfe199a78,system,paper,paper,ETH/USD,SHORT,1649.830000,1569.751630,1697.578693,,0.000000,2026-06-25T10:00:00+00:00,2026-06-25T14:00:00+00:00,1.68,WIN,,CLOSED,2268.87,,,Backtest replay,2026-06-26T23:26:15.833969+00:00,2026-08-04T00:43:12.415465+00:00,00000000-0000-0000-0000-000000000001
826c4985-5d9b-4eb9-a82c-ec90ed3cc03a,system,paper,paper,BTC/USD,SHORT,61422.520000,60362.581071,63347.621174,,0.000000,2026-06-25T11:00:00+00:00,2026-06-25T21:00:00+00:00,0.55,WIN,,CLOSED,769.86,,,Backtest replay,2026-06-26T23:26:15.833969+00:00,2026-08-04T00:43:12.415465+00:00,00000000-0000-0000-0000-000000000001
61c755a0-3769-43f5-9821-73c1d13631a6,system,paper,paper,ETH/USD,LONG,1929.410000,1912.098102,,,29.547512,2026-07-22T04:00:09.341196+00:00,2026-07-22T07:42:40.032368+00:00,,LOSS,,CLOSED,-511.52,,,ICT (live),2026-07-22T07:42:40.037768+00:00,2026-08-04T00:43:12.415465+00:00,00000000-0000-0000-0000-000000000001
6f0cb801-6497-4495-883d-25987cef0a22,system,paper,paper,ETH/USD,LONG,1924.730000,1912.202940,,,29.427546,2026-07-22T10:00:07.090086+00:00,2026-07-23T12:34:12.094188+00:00,,LOSS,,CLOSED,-368.64,,,ICT (live),2026-07-23T12:34:12.098496+00:00,2026-08-04T00:43:12.415465+00:00,00000000-0000-0000-0000-000000000001
d03fa8bc-7bc0-40cf-87bf-42ebcd52d966,system,paper,paper,BTC/USD,SHORT,65172.600000,63957.522428,,,0.788502,2026-07-27T03:00:10.550850+00:00,2026-07-27T22:57:21.030713+00:00,,WIN,,CLOSED,958.09,,,ICT (live),2026-07-27T22:57:21.148046+00:00,2026-08-04T00:43:12.415465+00:00,00000000-0000-0000-0000-000000000001
604c0be6-dbf0-478c-800b-37378d430c6d,system,paper,paper,ETH/USD,LONG,1899.670000,1934.851573,,,25.411945,2026-07-30T01:00:09.291633+00:00,2026-07-30T13:49:45.402530+00:00,,WIN,,CLOSED,894.03,,,ICT (live),2026-07-30T13:49:45.409205+00:00,2026-08-04T00:43:12.415465+00:00,00000000-0000-0000-0000-000000000001
172ce787-4ca8-4002-9cf2-ae0d549c0a75,system,paper,paper,ETH/USD,LONG,1921.560000,1911.320022,,,4.882823,2026-08-09T21:21:04.605058+00:00,2026-08-09T23:30:14.980688+00:00,,LOSS,,CLOSED,-50.00,,,ICT (live),2026-08-09T23:30:14.986217+00:00,2026-08-09T23:30:14.986217+00:00,cd0361e9-9416-413f-9b83-c74ea97514a3
1834f6e1-6eb9-4b05-b8cb-48ffb3745dd6,system,paper,paper,BTC/USD,SHORT,64023.500000,63387.760000,,,0.033010,2026-08-11T05:00:06.356157+00:00,2026-08-12T23:07:34.953509+00:00,,WIN,,CLOSED,20.99,,,ICT (live),2026-08-12T23:07:34.957706+00:00,2026-08-12T23:07:34.957706+00:00,cd0361e9-9416-413f-9b83-c74ea97514a3
6cc38f5b-0904-4045-bf25-f354d4dcaebf,system,paper,paper,ETH/USD,LONG,1911.310000,1875.850000,,,0.824941,2026-08-12T13:00:06.012460+00:00,2026-08-12T23:07:34.953773+00:00,,LOSS,,CLOSED,-29.25,,,ICT (live),2026-08-12T23:07:34.957686+00:00,2026-08-12T23:07:34.957686+00:00,cd0361e9-9416-413f-9b83-c74ea97514a3
66da48b6-7783-4e38-82fa-a5b825a1a002,system,paper,paper,BTC/USD,SHORT,63556.920000,63098.000000,,,0.050142,2026-08-13T01:00:05.729580+00:00,2026-08-13T16:53:53.559600+00:00,,WIN,,CLOSED,23.01,,,ICT (live),2026-08-13T16:53:53.568606+00:00,2026-08-13T16:53:53.568606+00:00,d6340ff9-bc19-4ec8-9d94-74181147eb42
1b5f5d5c-95fd-4c58-a0b0-f6f3dde6542a,system,paper,paper,ETH/USD,LONG,1890.040000,1874.540000,,,1.294722,2026-08-13T09:00:12.969226+00:00,2026-08-13T16:53:53.559960+00:00,,LOSS,,CLOSED,-20.07,,,ICT (live),2026-08-13T16:53:53.567952+00:00,2026-08-13T16:53:53.567952+00:00,d6340ff9-bc19-4ec8-9d94-74181147eb42
e8454306-c13b-4347-ad7c-c7d3f975c581,system,paper,paper,BTC/USD,SHORT,63310.010000,63403.430000,,,0.064909,2026-08-13T19:00:08.673974+00:00,2026-08-13T20:47:28.094944+00:00,,LOSS,,CLOSED,-6.06,,,ICT (live),2026-08-13T20:47:28.100629+00:00,2026-08-13T20:47:28.100629+00:00,080af8be-baa1-45d7-bbf1-6c74d445e55d
0dbbd495-8d00-488b-8b8c-380fbb6b8f0b,system,paper,paper,ETH/USD,LONG,1885.790000,1886.200000,,,3.311807,2026-08-13T19:00:10.142637+00:00,2026-08-13T20:47:28.095218+00:00,,WIN,,CLOSED,1.36,,,ICT (live),2026-08-13T20:47:28.100506+00:00,2026-08-13T20:47:28.100506+00:00,080af8be-baa1-45d7-bbf1-6c74d445e55d
606bfeb0-1dc8-4c72-b89a-c1fc9862fb56,system,paper,paper,BTC/USD,SHORT,63403.420000,63445.030000,,,0.074007,2026-08-13T20:49:01.393971+00:00,2026-08-13T21:21:36.288983+00:00,,LOSS,,CLOSED,-3.08,,,ICT (live),2026-08-13T21:21:36.296869+00:00,2026-08-13T21:21:36.296869+00:00,ea32c11c-9e21-48dc-93df-6c57b43ca473
24b9591f-31c0-4903-b6f8-4dab3e87d36f,system,paper,paper,ETH/USD,LONG,1886.000000,1887.710000,,,3.275314,2026-08-13T20:49:03.660333+00:00,2026-08-13T21:21:36.289256+00:00,,WIN,,CLOSED,5.60,,,ICT (live),2026-08-13T21:21:36.295042+00:00,2026-08-13T21:21:36.295042+00:00,ea32c11c-9e21-48dc-93df-6c57b43ca473
db08567f-ec4f-41a4-a34a-b1af1053f7d4,system,paper,paper,BTC/USD,SHORT,63438.040000,63471.170000,,,0.078375,2026-08-13T21:22:45.172497+00:00,2026-08-13T21:38:33.352266+00:00,,LOSS,,CLOSED,-2.60,,,ICT (live),2026-08-13T21:38:33.358333+00:00,2026-08-13T21:38:33.358333+00:00,a8b98943-12e1-46eb-bfb8-859be321abd9
10524853-a711-4ec0-9e36-49b920bd6849,system,paper,paper,ETH/USD,LONG,1887.640000,1888.900000,,,2.974872,2026-08-13T21:22:47.334514+00:00,2026-08-13T21:38:33.352587+00:00,,WIN,,CLOSED,3.75,,,ICT (live),2026-08-13T21:38:33.358681+00:00,2026-08-13T21:38:33.358681+00:00,a8b98943-12e1-46eb-bfb8-859be321abd9
c488da8d-a6f8-46e7-8ad1-01ca1a0962fc,system,paper,paper,BTC/USD,SHORT,63468.010000,63492.620000,,,0.082238,2026-08-13T21:39:21.173133+00:00,2026-08-13T23:04:04.285950+00:00,,LOSS,,CLOSED,-2.02,,,ICT (live),2026-08-13T23:04:04.293361+00:00,2026-08-13T23:04:04.293361+00:00,d8280803-4fc5-4e52-a575-7a5efd10d3b1
1a245f51-afd1-4f6f-9ce6-506bf5e9fe83,system,paper,paper,ETH/USD,LONG,1888.790000,1887.220000,,,2.784360,2026-08-13T21:39:23.043086+00:00,2026-08-13T23:04:04.286314+00:00,,LOSS,,CLOSED,-4.37,,,ICT (live),2026-08-13T23:04:04.293394+00:00,2026-08-13T23:04:04.293394+00:00,d8280803-4fc5-4e52-a575-7a5efd10d3b1
814c959f-f079-4963-bc9c-c45e4519aa08,system,paper,paper,ETH/USD,LONG,1889.080000,1884.370721,,,10.617336,2026-08-14T02:15:27.717777+00:00,2026-08-14T03:04:15.659681+00:00,,LOSS,,CLOSED,-50.00,,,ICT (live),2026-08-14T03:04:15.666913+00:00,2026-08-14T03:04:15.666913+00:00,ff33aa4e-d51c-40e9-82be-7b8038a49b15
9857d5f9-c029-454c-bb9d-74297ced6dce,system,paper,paper,BTC/USD,SHORT,63302.660000,62766.438617,,,0.151682,2026-08-14T04:00:15.921827+00:00,2026-08-14T08:26:46.609142+00:00,,WIN,,CLOSED,81.34,,,ICT (live),2026-08-14T08:26:46.612436+00:00,2026-08-14T08:26:46.612436+00:00,ff33aa4e-d51c-40e9-82be-7b8038a49b15
678b92ba-a777-4254-b55f-044d4037066b,system,paper,paper,BTC/USD,SHORT,62805.930000,62786.000000,,,0.083011,2026-08-14T08:35:19.550523+00:00,2026-08-14T09:30:50.997524+00:00,,WIN,,CLOSED,1.65,,,ICT (live),2026-08-14T09:30:51.004236+00:00,2026-08-14T09:30:51.004236+00:00,ff33aa4e-d51c-40e9-82be-7b8038a49b15
33613cf9-571a-4040-817c-86ca6c159481,system,paper,paper,BTC/USD,SHORT,62780.010000,62893.530000,,,0.079367,2026-08-14T09:33:27.546642+00:00,2026-08-14T10:46:11.966110+00:00,,LOSS,,CLOSED,-9.01,,,ICT (live),2026-08-14T10:46:11.971852+00:00,2026-08-14T10:46:11.971852+00:00,8752c718-28c1-4e6a-b12a-aff8b47de99e
1759e865-5702-46dc-b5a4-bac23c273f00,system,paper,paper,BTC/USD,SHORT,62847.370000,62794.240000,,,0.089149,2026-08-14T11:05:19.147040+00:00,2026-08-17T00:35:25.904442+00:00,,WIN,,CLOSED,4.74,,,ICT (live),2026-08-17T00:35:25.910352+00:00,2026-08-17T00:35:25.910352+00:00,b2c4bab3-a5d5-441c-b5ab-20e2247f1169
d2cd7b45-3bae-4a0d-97b5-6eeae454bec1,system,paper,paper,ETH/USD,LONG,1882.480000,1874.220000,,,2.614874,2026-08-14T15:50:25.115454+00:00,2026-08-17T00:35:25.904757+00:00,,LOSS,,CLOSED,-21.60,,,ICT (live),2026-08-17T00:35:25.910764+00:00,2026-08-17T00:35:25.910764+00:00,b2c4bab3-a5d5-441c-b5ab-20e2247f1169
1bad3cd5-ac53-4c78-a0c3-c6d807bbe5e7,system,paper,paper,ETH/USD,LONG,1936.470000,1969.700000,,,2.298500,2026-08-19T13:17:01.956920+00:00,2026-08-19T14:55:19.741635+00:00,,WIN,,CLOSED,76.38,,,ICT (live),2026-08-19T14:55:19.746469+00:00,2026-08-19T14:55:19.746469+00:00,be4ceda2-9a17-455a-86cd-b8bae30f2f5f
76d3ac74-5723-45e1-ad54-155393a5995d,system,paper,paper,ETH/USD,LONG,1936.470000,2091.080000,,,0.985072,2026-08-19T13:17:01.956920+00:00,2026-08-19T18:50:11.704852+00:00,,WIN,,CLOSED,152.30,,,ICT (live),2026-08-19T18:50:11.729249+00:00,2026-08-19T18:50:11.729249+00:00,be4ceda2-9a17-455a-86cd-b8bae30f2f5f
df2c5684-ec63-4010-b837-684931256eab,system,paper,paper,ETH/USD,LONG,2097.370000,2157.200000,,,1.108751,2026-08-19T19:20:31.658273+00:00,2026-08-19T20:50:38.365093+00:00,,WIN,,CLOSED,66.34,,,ICT (live),2026-08-19T20:50:38.368836+00:00,2026-08-19T20:50:38.368836+00:00,a32c3b98-51f1-4ce6-be43-e3376f9979c7
28fe8f7c-b77e-4707-a888-9c1f4fcb3282,system,paper,paper,ETH/USD,LONG,2097.370000,2441.140000,,,0.475179,2026-08-19T19:20:31.658273+00:00,2026-08-24T01:41:01.224280+00:00,,WIN,,CLOSED,163.35,,,ICT (live),2026-08-24T01:41:01.233116+00:00,2026-08-24T01:41:01.233116+00:00,a32c3b98-51f1-4ce6-be43-e3376f9979c7
744961c7-c2c7-405c-b3c8-ad85187999ff,system,paper,paper,BTC/USD,SHORT,69127.060000,69924.855229,,,0.064343,2026-08-20T03:20:12.466177+00:00,2026-08-20T07:06:10.210511+00:00,,LOSS,,CLOSED,-51.33,,,ICT (live),2026-08-20T07:06:10.216354+00:00,2026-08-20T07:06:10.216354+00:00,a32c3b98-51f1-4ce6-be43-e3376f9979c7
2c701217-d24a-413f-ae7c-e2288c126137,system,paper,paper,BTC/USD,SHORT,71668.350000,72163.484618,,,0.103051,2026-08-20T14:25:16.469269+00:00,2026-08-20T15:02:39.395697+00:00,,LOSS,,CLOSED,-51.02,,,ICT (live),2026-08-20T15:02:39.398866+00:00,2026-08-20T15:02:39.398866+00:00,a32c3b98-51f1-4ce6-be43-e3376f9979c7
27ed0fc2-0965-437e-af09-1db2c53d350e,system,paper,paper,BTC/USD,LONG,73098.010000,74809.010000,,,0.056164,2026-08-21T00:05:12.626072+00:00,2026-08-21T01:18:21.875582+00:00,,WIN,,CLOSED,96.10,,,ICT (live),2026-08-21T01:18:21.879596+00:00,2026-08-21T01:18:21.879596+00:00,a32c3b98-51f1-4ce6-be43-e3376f9979c7
ab7460f6-ae02-4d23-a70d-de8de683e7ea,system,paper,paper,BTC/USD,LONG,73098.010000,77278.010000,,,0.024070,2026-08-21T00:05:12.626072+00:00,2026-08-24T01:41:01.225469+00:00,,WIN,,CLOSED,100.61,,,ICT (live),2026-08-24T01:41:01.234088+00:00,2026-08-24T01:41:01.234088+00:00,a32c3b98-51f1-4ce6-be43-e3376f9979c7
a78d2b6c-21c7-49d4-acf6-abfce7ef3124,system,cftsim-278be9ede5,paper,ETH/USD,LONG,2449.750000,2505.670000,,,1.401618,2026-08-24T05:25:28.106356+00:00,2026-08-24T11:43:29.925988+00:00,,WIN,,CLOSED,78.38,,,ICT (live),2026-08-24T11:43:29.931571+00:00,2026-08-24T11:43:29.931571+00:00,f8b40671-888e-4c5e-816a-32acd7d1fd49
5e320c6d-4603-468f-b002-e86b694f778b,system,cftsim-278be9ede5,paper,ETH/USD,LONG,2449.750000,2519.700000,,,0.600693,2026-08-24T05:25:28.106356+00:00,2026-08-24T15:36:43.536649+00:00,,WIN,,CLOSED,42.02,,,ICT (live),2026-08-24T15:36:43.542527+00:00,2026-08-24T15:36:43.542527+00:00,f8b40671-888e-4c5e-816a-32acd7d1fd49
b70428f7-3901-4e64-bd78-c5e81978fc27,system,cftsim-ad0e571108,paper,BTC/USD,LONG,77028.920000,77821.750000,,,0.090627,2026-08-24T09:00:20.681224+00:00,2026-08-24T10:13:58.338404+00:00,,WIN,,CLOSED,71.85,,,ICT (live),2026-08-24T10:13:58.343864+00:00,2026-08-24T10:13:58.343864+00:00,f8b40671-888e-4c5e-816a-32acd7d1fd49
347be238-aaf8-4c6b-95ad-ba7c0818aedb,system,cftsim-ad0e571108,paper,BTC/USD,LONG,77028.920000,79884.960000,,,0.038840,2026-08-24T09:00:20.681224+00:00,2026-08-24T15:36:43.536923+00:00,,WIN,,CLOSED,110.93,,,ICT (live),2026-08-24T15:36:43.542682+00:00,2026-08-24T15:36:43.542682+00:00,f8b40671-888e-4c5e-816a-32acd7d1fd49
6ac76949-fe82-4394-98a9-e469a3d8407f,system,cftsim-ef4e11ceb5,paper,ETH/USD,LONG,2499.040000,2473.872543,,,1.987058,2026-08-24T16:35:26.672395+00:00,2026-08-24T16:55:35.772392+00:00,,LOSS,,CLOSED,-50.01,,,ICT (live),2026-08-24T16:55:35.779928+00:00,2026-08-24T16:55:35.779928+00:00,fe837dd1-44b9-4c3c-b333-f380ef055b43
ca80f968-6330-4f4e-8e68-98a373755d7d,system,cftsim-cdebce9eee,paper,ETH/USD,LONG,2482.770000,2529.000000,,,1.567648,2026-08-24T21:55:27.170930+00:00,2026-08-25T02:28:56.277547+00:00,,WIN,,CLOSED,72.47,,,ICT (live),2026-08-25T02:28:56.281309+00:00,2026-08-25T02:28:56.281309+00:00,fe837dd1-44b9-4c3c-b333-f380ef055b43
321adeca-8c7d-41b5-9740-2eebe99a1390,system,cftsim-cdebce9eee,paper,ETH/USD,LONG,2482.770000,2460.752869,,,0.671849,2026-08-24T21:55:27.170930+00:00,2026-08-25T12:26:50.253550+00:00,,LOSS,,CLOSED,-14.79,,,ICT (live),2026-08-25T12:26:50.257387+00:00,2026-08-25T12:26:50.257387+00:00,fe837dd1-44b9-4c3c-b333-f380ef055b43
